"study","age","phase","id","aged","trial","type","corr","sex","unique_group"
"1","A22","point","e49940",724,1,"neg",0,0,"pointA22neg"
"1","A22","point","e49940",724,2,"neg",1,0,"pointA22neg"
"1","A22","point","e49940",724,3,"neg",1,0,"pointA22neg"
"1","A22","point","e49940",724,4,"neg",1,0,"pointA22neg"
"1","A22","point","e49940",724,5,"neg",1,0,"pointA22neg"
"1","A22","point","e49940",724,6,"neg",1,0,"pointA22neg"
"1","A22","point","e49940",724,7,"neg",1,0,"pointA22neg"
"1","A22","point","e49940",724,8,"neg",1,0,"pointA22neg"
"1","A22","point","e51640",706,1,"apos",1,1,"pointA22apos"
"1","A22","point","e51640",706,2,"apos",0,1,"pointA22apos"
"1","A22","point","e51640",706,3,"apos",0,1,"pointA22apos"
"1","A22","point","e51640",706,4,"apos",0,1,"pointA22apos"
"1","A22","point","e51640",706,5,"apos",0,1,"pointA22apos"
"1","A22","point","e51640",706,6,"apos",0,1,"pointA22apos"
"1","A22","point","e51640",706,7,"apos",1,1,"pointA22apos"
"1","A22","point","e51640",706,8,"apos",0,1,"pointA22apos"
"1","A22","point","e51536",697,1,"neg",0,1,"pointA22neg"
"1","A22","point","e51536",697,2,"neg",0,1,"pointA22neg"
"1","A22","point","e51536",697,3,"neg",0,1,"pointA22neg"
"1","A22","point","e51536",697,4,"neg",0,1,"pointA22neg"
"1","A22","point","e51536",697,6,"neg",0,1,"pointA22neg"
"1","A22","point","e51536",697,7,"neg",1,1,"pointA22neg"
"1","A22","point","e51536",697,8,"neg",0,1,"pointA22neg"
"1","A22","point","e51115",695,1,"neg",1,1,"pointA22neg"
"1","A22","point","e51115",695,2,"neg",0,1,"pointA22neg"
"1","A22","point","e51115",695,3,"neg",1,1,"pointA22neg"
"1","A22","point","e51115",695,4,"neg",0,1,"pointA22neg"
"1","A22","point","e51115",695,5,"neg",1,1,"pointA22neg"
"1","A22","point","e51115",695,6,"neg",0,1,"pointA22neg"
"1","A22","point","e51115",695,7,"neg",0,1,"pointA22neg"
"1","A22","point","e51115",695,8,"neg",0,1,"pointA22neg"
"1","A22","point","e50610",694,1,"apos",1,1,"pointA22apos"
"1","A22","point","e50610",694,2,"apos",0,1,"pointA22apos"
"1","A22","point","e50610",694,3,"apos",0,1,"pointA22apos"
"1","A22","point","e50610",694,4,"apos",1,1,"pointA22apos"
"1","A22","point","e50610",694,5,"apos",1,1,"pointA22apos"
"1","A22","point","e50610",694,6,"apos",1,1,"pointA22apos"
"1","A22","point","e50610",694,7,"apos",1,1,"pointA22apos"
"1","A22","point","e50610",694,8,"apos",1,1,"pointA22apos"
"1","A22","point","e5e363",697,1,"neg",1,0,"pointA22neg"
"1","A22","point","e5e363",697,2,"neg",0,0,"pointA22neg"
"1","A22","point","e5e363",697,3,"neg",1,0,"pointA22neg"
"1","A22","point","e5e363",697,4,"neg",1,0,"pointA22neg"
"1","A22","point","e5e363",697,5,"neg",1,0,"pointA22neg"
"1","A22","point","e5e363",697,6,"neg",1,0,"pointA22neg"
"1","A22","point","e5e363",697,7,"neg",1,0,"pointA22neg"
"1","A22","point","e5e363",697,8,"neg",1,0,"pointA22neg"
"1","A22","point","e50196",698,1,"neg",1,0,"pointA22neg"
"1","A22","point","e50196",698,2,"neg",1,0,"pointA22neg"
"1","A22","point","e50196",698,3,"neg",1,0,"pointA22neg"
"1","A22","point","e50196",698,4,"neg",0,0,"pointA22neg"
"1","A22","point","e50196",698,5,"neg",1,0,"pointA22neg"
"1","A22","point","e50196",698,6,"neg",1,0,"pointA22neg"
"1","A22","point","e50196",698,7,"neg",1,0,"pointA22neg"
"1","A22","point","e50196",698,8,"neg",1,0,"pointA22neg"
"1","A22","point","e49775",725,1,"apos",1,0,"pointA22apos"
"1","A22","point","e49775",725,2,"apos",0,0,"pointA22apos"
"1","A22","point","e49775",725,3,"apos",1,0,"pointA22apos"
"1","A22","point","e49775",725,4,"apos",1,0,"pointA22apos"
"1","A22","point","e49775",725,5,"apos",1,0,"pointA22apos"
"1","A22","point","e49775",725,6,"apos",1,0,"pointA22apos"
"1","A22","point","e49775",725,7,"apos",1,0,"pointA22apos"
"1","A22","point","e49775",725,8,"apos",1,0,"pointA22apos"
"1","A22","point","e51766",655,1,"apos",1,0,"pointA22apos"
"1","A22","point","e51766",655,2,"apos",1,0,"pointA22apos"
"1","A22","point","e51766",655,3,"apos",1,0,"pointA22apos"
"1","A22","point","e51766",655,4,"apos",1,0,"pointA22apos"
"1","A22","point","e51766",655,5,"apos",1,0,"pointA22apos"
"1","A22","point","e51766",655,6,"apos",1,0,"pointA22apos"
"1","A22","point","e51766",655,7,"apos",1,0,"pointA22apos"
"1","A22","point","e51766",655,8,"apos",1,0,"pointA22apos"
"1","A22","point","e50898",677,1,"apos",1,0,"pointA22apos"
"1","A22","point","e50898",677,2,"apos",1,0,"pointA22apos"
"1","A22","point","e50898",677,3,"apos",1,0,"pointA22apos"
"1","A22","point","e50898",677,4,"apos",1,0,"pointA22apos"
"1","A22","point","e50898",677,5,"apos",1,0,"pointA22apos"
"1","A22","point","e50898",677,6,"apos",0,0,"pointA22apos"
"1","A22","point","e50898",677,7,"apos",1,0,"pointA22apos"
"1","A22","point","e50898",677,8,"apos",1,0,"pointA22apos"
"1","A22","point","e50858",713,1,"neg",1,1,"pointA22neg"
"1","A22","point","e50858",713,2,"neg",0,1,"pointA22neg"
"1","A22","point","e50858",713,3,"neg",1,1,"pointA22neg"
"1","A22","point","e50858",713,4,"neg",1,1,"pointA22neg"
"1","A22","point","e50858",713,5,"neg",0,1,"pointA22neg"
"1","A22","point","e50858",713,6,"neg",1,1,"pointA22neg"
"1","A22","point","e50858",713,7,"neg",0,1,"pointA22neg"
"1","A22","point","e50858",713,8,"neg",1,1,"pointA22neg"
"1","A22","point","e51546",684,1,"apos",1,1,"pointA22apos"
"1","A22","point","e51546",684,2,"apos",1,1,"pointA22apos"
"1","A22","point","e51546",684,3,"apos",0,1,"pointA22apos"
"1","A22","point","e51546",684,4,"apos",0,1,"pointA22apos"
"1","A22","point","e51546",684,5,"apos",0,1,"pointA22apos"
"1","A22","point","e51546",684,6,"apos",1,1,"pointA22apos"
"1","A22","point","e51546",684,7,"apos",1,1,"pointA22apos"
"1","A22","point","e51546",684,8,"apos",0,1,"pointA22apos"
"1","A22","point","e51760",680,1,"neg",0,1,"pointA22neg"
"1","A22","point","e51760",680,2,"neg",1,1,"pointA22neg"
"1","A22","point","e51760",680,3,"neg",0,1,"pointA22neg"
"1","A22","point","e51760",680,4,"neg",0,1,"pointA22neg"
"1","A22","point","e51760",680,5,"neg",0,1,"pointA22neg"
"1","A22","point","e51760",680,6,"neg",1,1,"pointA22neg"
"1","A22","point","e51760",680,7,"neg",0,1,"pointA22neg"
"1","A22","point","e51760",680,8,"neg",0,1,"pointA22neg"
"1","A22","point","e51785",658,1,"apos",1,0,"pointA22apos"
"1","A22","point","e51785",658,2,"apos",0,0,"pointA22apos"
"1","A22","point","e51785",658,3,"apos",1,0,"pointA22apos"
"1","A22","point","e51785",658,4,"apos",0,0,"pointA22apos"
"1","A22","point","e51785",658,5,"apos",1,0,"pointA22apos"
"1","A22","point","e51785",658,7,"apos",1,0,"pointA22apos"
"1","A22","point","e51785",658,8,"apos",0,0,"pointA22apos"
"1","A22","point","e5033e",699,1,"apos",1,1,"pointA22apos"
"1","A22","point","e5033e",699,4,"apos",1,1,"pointA22apos"
"1","A22","point","e5033e",699,5,"apos",1,1,"pointA22apos"
"1","A22","point","e5033e",699,6,"apos",1,1,"pointA22apos"
"1","A22","point","e5033e",699,7,"apos",1,1,"pointA22apos"
"1","A22","point","e5033e",699,8,"apos",1,1,"pointA22apos"
"1","A22","point","e50747",630,1,"apos",1,0,"pointA22apos"
"1","A22","point","e50747",630,2,"apos",1,0,"pointA22apos"
"1","A22","point","e50747",630,3,"apos",1,0,"pointA22apos"
"1","A22","point","e50747",630,4,"apos",1,0,"pointA22apos"
"1","A22","point","e50747",630,5,"apos",1,0,"pointA22apos"
"1","A22","point","e50747",630,6,"apos",1,0,"pointA22apos"
"1","A22","point","e50747",630,7,"apos",1,0,"pointA22apos"
"1","A22","point","e50747",630,8,"apos",1,0,"pointA22apos"
"1","A22","point","e51353",684,1,"neg",0,0,"pointA22neg"
"1","A22","point","e51353",684,2,"neg",0,0,"pointA22neg"
"1","A22","point","e51353",684,3,"neg",0,0,"pointA22neg"
"1","A22","point","e51353",684,4,"neg",1,0,"pointA22neg"
"1","A22","point","e51353",684,5,"neg",0,0,"pointA22neg"
"1","A22","point","e51353",684,6,"neg",1,0,"pointA22neg"
"1","A22","point","e51353",684,7,"neg",0,0,"pointA22neg"
"1","A22","point","e51353",684,8,"neg",0,0,"pointA22neg"
"1","A22","point","e50651",663,1,"apos",1,1,"pointA22apos"
"1","A22","point","e50651",663,2,"apos",1,1,"pointA22apos"
"1","A22","point","e50651",663,3,"apos",1,1,"pointA22apos"
"1","A22","point","e50651",663,4,"apos",1,1,"pointA22apos"
"1","A22","point","e50651",663,5,"apos",1,1,"pointA22apos"
"1","A22","point","e50651",663,6,"apos",1,1,"pointA22apos"
"1","A22","point","e50651",663,7,"apos",1,1,"pointA22apos"
"1","A22","point","e50651",663,8,"apos",1,1,"pointA22apos"
"1","A22","point","e515e8",680,1,"neg",0,1,"pointA22neg"
"1","A22","point","e515e8",680,2,"neg",0,1,"pointA22neg"
"1","A22","point","e515e8",680,3,"neg",1,1,"pointA22neg"
"1","A22","point","e515e8",680,4,"neg",1,1,"pointA22neg"
"1","A22","point","e515e8",680,5,"neg",1,1,"pointA22neg"
"1","A22","point","e515e8",680,6,"neg",1,1,"pointA22neg"
"1","A22","point","e515e8",680,7,"neg",1,1,"pointA22neg"
"1","A22","point","e515e8",680,8,"neg",1,1,"pointA22neg"
"1","A22","point","e53509",645,1,"apos",1,0,"pointA22apos"
"1","A22","point","e53509",645,2,"apos",1,0,"pointA22apos"
"1","A22","point","e53509",645,3,"apos",1,0,"pointA22apos"
"1","A22","point","e53509",645,5,"apos",1,0,"pointA22apos"
"1","A22","point","e53509",645,6,"apos",1,0,"pointA22apos"
"1","A22","point","e53509",645,7,"apos",0,0,"pointA22apos"
"1","A22","point","e53509",645,8,"apos",1,0,"pointA22apos"
"1","A22","point","e53390",638,1,"apos",0,0,"pointA22apos"
"1","A22","point","e53390",638,2,"apos",0,0,"pointA22apos"
"1","A22","point","e53390",638,3,"apos",0,0,"pointA22apos"
"1","A22","point","e53390",638,4,"apos",0,0,"pointA22apos"
"1","A22","point","e53390",638,5,"apos",1,0,"pointA22apos"
"1","A22","point","e53390",638,6,"apos",1,0,"pointA22apos"
"1","A22","point","e53390",638,7,"apos",1,0,"pointA22apos"
"1","A22","point","e53390",638,8,"apos",0,0,"pointA22apos"
"1","A22","point","e51557",667,1,"neg",1,0,"pointA22neg"
"1","A22","point","e51557",667,2,"neg",0,0,"pointA22neg"
"1","A22","point","e51557",667,3,"neg",1,0,"pointA22neg"
"1","A22","point","e51557",667,4,"neg",0,0,"pointA22neg"
"1","A22","point","e51557",667,5,"neg",1,0,"pointA22neg"
"1","A22","point","e51557",667,6,"neg",1,0,"pointA22neg"
"1","A22","point","e51557",667,7,"neg",1,0,"pointA22neg"
"1","A22","point","e55137",721,1,"apos",1,1,"pointA22apos"
"1","A22","point","e55137",721,2,"apos",1,1,"pointA22apos"
"1","A22","point","e55137",721,3,"apos",1,1,"pointA22apos"
"1","A22","point","e55137",721,4,"apos",1,1,"pointA22apos"
"1","A22","point","e55137",721,5,"apos",1,1,"pointA22apos"
"1","A22","point","e55137",721,6,"apos",1,1,"pointA22apos"
"1","A22","point","e55137",721,7,"apos",1,1,"pointA22apos"
"1","A22","point","e55137",721,8,"apos",1,1,"pointA22apos"
"1","A22","point","e51363",618,1,"apos",1,0,"pointA22apos"
"1","A22","point","e51363",618,2,"apos",1,0,"pointA22apos"
"1","A22","point","e51363",618,3,"apos",1,0,"pointA22apos"
"1","A22","point","e51363",618,4,"apos",1,0,"pointA22apos"
"1","A22","point","e51363",618,5,"apos",1,0,"pointA22apos"
"1","A22","point","e51363",618,6,"apos",1,0,"pointA22apos"
"1","A22","point","e51363",618,7,"apos",1,0,"pointA22apos"
"1","A22","point","e51363",618,8,"apos",1,0,"pointA22apos"
"1","A22","point","e51e05",704,1,"apos",1,1,"pointA22apos"
"1","A22","point","e51e05",704,2,"apos",1,1,"pointA22apos"
"1","A22","point","e51e05",704,3,"apos",1,1,"pointA22apos"
"1","A22","point","e51e05",704,4,"apos",1,1,"pointA22apos"
"1","A22","point","e51e05",704,5,"apos",1,1,"pointA22apos"
"1","A22","point","e51e05",704,6,"apos",1,1,"pointA22apos"
"1","A22","point","e51e05",704,7,"apos",1,1,"pointA22apos"
"1","A22","point","e51e05",704,8,"apos",1,1,"pointA22apos"
"1","A22","point","e50795",715,1,"neg",1,1,"pointA22neg"
"1","A22","point","e50795",715,2,"neg",1,1,"pointA22neg"
"1","A22","point","e50795",715,3,"neg",1,1,"pointA22neg"
"1","A22","point","e50795",715,4,"neg",1,1,"pointA22neg"
"1","A22","point","e50795",715,5,"neg",1,1,"pointA22neg"
"1","A22","point","e50795",715,6,"neg",0,1,"pointA22neg"
"1","A22","point","e50795",715,7,"neg",0,1,"pointA22neg"
"1","A22","point","e50795",715,8,"neg",1,1,"pointA22neg"
"1","A22","point","e50856",717,1,"apos",1,0,"pointA22apos"
"1","A22","point","e50856",717,2,"apos",1,0,"pointA22apos"
"1","A22","point","e50856",717,3,"apos",1,0,"pointA22apos"
"1","A22","point","e50856",717,4,"apos",1,0,"pointA22apos"
"1","A22","point","e50856",717,5,"apos",1,0,"pointA22apos"
"1","A22","point","e50856",717,6,"apos",1,0,"pointA22apos"
"1","A22","point","e50856",717,7,"apos",1,0,"pointA22apos"
"1","A22","point","e50856",717,8,"apos",1,0,"pointA22apos"
"1","A22","point","e50997",619,2,"neg",0,0,"pointA22neg"
"1","A22","point","e50997",619,3,"neg",0,0,"pointA22neg"
"1","A22","point","e50997",619,4,"neg",1,0,"pointA22neg"
"1","A22","point","e50997",619,5,"neg",0,0,"pointA22neg"
"1","A22","point","e50997",619,6,"neg",0,0,"pointA22neg"
"1","A22","point","e50997",619,7,"neg",1,0,"pointA22neg"
"1","A22","point","e50997",619,8,"neg",0,0,"pointA22neg"
"1","A22","point","e50194",717,1,"neg",0,1,"pointA22neg"
"1","A22","point","e50194",717,2,"neg",0,1,"pointA22neg"
"1","A22","point","e50194",717,3,"neg",0,1,"pointA22neg"
"1","A22","point","e50194",717,4,"neg",0,1,"pointA22neg"
"1","A22","point","e50194",717,5,"neg",0,1,"pointA22neg"
"1","A22","point","e50194",717,6,"neg",0,1,"pointA22neg"
"1","A22","point","e50194",717,7,"neg",0,1,"pointA22neg"
"1","A22","point","e50194",717,8,"neg",0,1,"pointA22neg"
"1","A22","point","e50531",714,1,"neg",0,1,"pointA22neg"
"1","A22","point","e50531",714,2,"neg",1,1,"pointA22neg"
"1","A22","point","e50531",714,3,"neg",1,1,"pointA22neg"
"1","A22","point","e50531",714,4,"neg",0,1,"pointA22neg"
"1","A22","point","e50531",714,5,"neg",1,1,"pointA22neg"
"1","A22","point","e50531",714,6,"neg",1,1,"pointA22neg"
"1","A22","point","e50531",714,7,"neg",1,1,"pointA22neg"
"1","A22","point","e50531",714,8,"neg",0,1,"pointA22neg"
"1","A22","point","e50840",628,1,"apos",1,1,"pointA22apos"
"1","A22","point","e50840",628,2,"apos",1,1,"pointA22apos"
"1","A22","point","e50840",628,3,"apos",1,1,"pointA22apos"
"1","A22","point","e50840",628,4,"apos",1,1,"pointA22apos"
"1","A22","point","e50840",628,5,"apos",1,1,"pointA22apos"
"1","A22","point","e50840",628,6,"apos",1,1,"pointA22apos"
"1","A22","point","e50840",628,7,"apos",1,1,"pointA22apos"
"1","A22","point","e50840",628,8,"apos",1,1,"pointA22apos"
"1","A22","point","e50615",630,1,"neg",0,1,"pointA22neg"
"1","A22","point","e50615",630,2,"neg",0,1,"pointA22neg"
"1","A22","point","e50615",630,3,"neg",0,1,"pointA22neg"
"1","A22","point","e50615",630,4,"neg",0,1,"pointA22neg"
"1","A22","point","e50615",630,5,"neg",1,1,"pointA22neg"
"1","A22","point","e50615",630,6,"neg",1,1,"pointA22neg"
"1","A22","point","e50615",630,7,"neg",1,1,"pointA22neg"
"1","A22","point","e50615",630,8,"neg",1,1,"pointA22neg"
"1","A22","point","e51444",664,1,"apos",1,1,"pointA22apos"
"1","A22","point","e51444",664,2,"apos",1,1,"pointA22apos"
"1","A22","point","e51444",664,3,"apos",1,1,"pointA22apos"
"1","A22","point","e51444",664,4,"apos",1,1,"pointA22apos"
"1","A22","point","e51444",664,5,"apos",1,1,"pointA22apos"
"1","A22","point","e51444",664,6,"apos",1,1,"pointA22apos"
"1","A22","point","e51444",664,7,"apos",1,1,"pointA22apos"
"1","A22","point","e51444",664,8,"apos",1,1,"pointA22apos"
"1","A22","point","e50500",630,1,"neg",1,1,"pointA22neg"
"1","A22","point","e50500",630,2,"neg",1,1,"pointA22neg"
"1","A22","point","e50500",630,3,"neg",1,1,"pointA22neg"
"1","A22","point","e50500",630,4,"neg",1,1,"pointA22neg"
"1","A22","point","e50500",630,5,"neg",1,1,"pointA22neg"
"1","A22","point","e50500",630,6,"neg",1,1,"pointA22neg"
"1","A22","point","e50500",630,7,"neg",1,1,"pointA22neg"
"1","A22","point","e50500",630,8,"neg",1,1,"pointA22neg"
"1","A22","point","e50614",644,1,"apos",1,0,"pointA22apos"
"1","A22","point","e50614",644,2,"apos",1,0,"pointA22apos"
"1","A22","point","e50614",644,3,"apos",0,0,"pointA22apos"
"1","A22","point","e50614",644,4,"apos",1,0,"pointA22apos"
"1","A22","point","e50614",644,5,"apos",1,0,"pointA22apos"
"1","A22","point","e50614",644,6,"apos",0,0,"pointA22apos"
"1","A22","point","e50614",644,7,"apos",1,0,"pointA22apos"
"1","A22","point","e50614",644,8,"apos",1,0,"pointA22apos"
"1","A22","point","e51515",624,1,"neg",1,0,"pointA22neg"
"1","A22","point","e51515",624,2,"neg",0,0,"pointA22neg"
"1","A22","point","e51515",624,3,"neg",0,0,"pointA22neg"
"1","A22","point","e51515",624,4,"neg",1,0,"pointA22neg"
"1","A22","point","e51515",624,5,"neg",1,0,"pointA22neg"
"1","A22","point","e51515",624,6,"neg",1,0,"pointA22neg"
"1","A22","point","e51515",624,7,"neg",1,0,"pointA22neg"
"1","A22","point","e51515",624,8,"neg",1,0,"pointA22neg"
"1","A22","point","e5e879",632,1,"apos",1,1,"pointA22apos"
"1","A22","point","e5e879",632,2,"apos",1,1,"pointA22apos"
"1","A22","point","e5e879",632,3,"apos",1,1,"pointA22apos"
"1","A22","point","e5e879",632,4,"apos",1,1,"pointA22apos"
"1","A22","point","e5e879",632,5,"apos",1,1,"pointA22apos"
"1","A22","point","e5e879",632,6,"apos",1,1,"pointA22apos"
"1","A22","point","e5e879",632,7,"apos",1,1,"pointA22apos"
"1","A22","point","e5e879",632,8,"apos",1,1,"pointA22apos"
"1","A22","point","e51ee6",631,1,"neg",1,0,"pointA22neg"
"1","A22","point","e51ee6",631,2,"neg",1,0,"pointA22neg"
"1","A22","point","e51ee6",631,3,"neg",1,0,"pointA22neg"
"1","A22","point","e51ee6",631,4,"neg",1,0,"pointA22neg"
"1","A22","point","e51ee6",631,5,"neg",1,0,"pointA22neg"
"1","A22","point","e51ee6",631,6,"neg",1,0,"pointA22neg"
"1","A22","point","e51ee6",631,7,"neg",1,0,"pointA22neg"
"1","A22","point","e51ee6",631,8,"neg",1,0,"pointA22neg"
"1","A22","point","e53e51",702,1,"neg",1,0,"pointA22neg"
"1","A22","point","e53e51",702,2,"neg",0,0,"pointA22neg"
"1","A22","point","e53e51",702,3,"neg",0,0,"pointA22neg"
"1","A22","point","e53e51",702,4,"neg",1,0,"pointA22neg"
"1","A22","point","e53e51",702,5,"neg",1,0,"pointA22neg"
"1","A22","point","e53e51",702,6,"neg",0,0,"pointA22neg"
"1","A22","point","e53e51",702,7,"neg",1,0,"pointA22neg"
"1","A22","point","e53e51",702,8,"neg",0,0,"pointA22neg"
"1","A22","point","e5e650",706,1,"neg",1,0,"pointA22neg"
"1","A22","point","e5e650",706,2,"neg",1,0,"pointA22neg"
"1","A22","point","e5e650",706,3,"neg",1,0,"pointA22neg"
"1","A22","point","e5e650",706,4,"neg",1,0,"pointA22neg"
"1","A22","point","e5e650",706,5,"neg",1,0,"pointA22neg"
"1","A22","point","e5e650",706,6,"neg",1,0,"pointA22neg"
"1","A22","point","e5e650",706,7,"neg",1,0,"pointA22neg"
"1","A22","point","e5e650",706,8,"neg",1,0,"pointA22neg"
"2","A28","point","e49059",890,1,"neg",0,0,"pointA28neg"
"2","A28","point","e49059",890,2,"neg",0,0,"pointA28neg"
"2","A28","point","e49059",890,3,"neg",1,0,"pointA28neg"
"2","A28","point","e49059",890,4,"neg",0,0,"pointA28neg"
"2","A28","point","e49059",890,5,"neg",1,0,"pointA28neg"
"2","A28","point","e49059",890,6,"neg",1,0,"pointA28neg"
"2","A28","point","e49059",890,7,"neg",0,0,"pointA28neg"
"2","A28","point","e49059",890,8,"neg",0,0,"pointA28neg"
"2","A28","point","e49741",877,1,"neg",0,0,"pointA28neg"
"2","A28","point","e49741",877,2,"neg",0,0,"pointA28neg"
"2","A28","point","e49741",877,3,"neg",0,0,"pointA28neg"
"2","A28","point","e49741",877,4,"neg",0,0,"pointA28neg"
"2","A28","point","e49741",877,5,"neg",0,0,"pointA28neg"
"2","A28","point","e49741",877,6,"neg",0,0,"pointA28neg"
"2","A28","point","e49741",877,7,"neg",0,0,"pointA28neg"
"2","A28","point","e49741",877,8,"neg",0,0,"pointA28neg"
"2","A28","point","e538ee",891,1,"neg",0,1,"pointA28neg"
"2","A28","point","e538ee",891,2,"neg",1,1,"pointA28neg"
"2","A28","point","e538ee",891,3,"neg",0,1,"pointA28neg"
"2","A28","point","e538ee",891,4,"neg",0,1,"pointA28neg"
"2","A28","point","e538ee",891,5,"neg",0,1,"pointA28neg"
"2","A28","point","e538ee",891,6,"neg",0,1,"pointA28neg"
"2","A28","point","e538ee",891,7,"neg",0,1,"pointA28neg"
"2","A28","point","e538ee",891,8,"neg",0,1,"pointA28neg"
"2","A28","point","e49e48",896,1,"neg",0,0,"pointA28neg"
"2","A28","point","e49e48",896,2,"neg",0,0,"pointA28neg"
"2","A28","point","e49e48",896,3,"neg",0,0,"pointA28neg"
"2","A28","point","e49e48",896,4,"neg",1,0,"pointA28neg"
"2","A28","point","e49e48",896,5,"neg",1,0,"pointA28neg"
"2","A28","point","e49e48",896,6,"neg",0,0,"pointA28neg"
"2","A28","point","e49e48",896,7,"neg",0,0,"pointA28neg"
"2","A28","point","e49e48",896,8,"neg",1,0,"pointA28neg"
"2","A28","point","e49060",891,1,"neg",1,0,"pointA28neg"
"2","A28","point","e49060",891,2,"neg",1,0,"pointA28neg"
"2","A28","point","e49060",891,3,"neg",0,0,"pointA28neg"
"2","A28","point","e49060",891,4,"neg",1,0,"pointA28neg"
"2","A28","point","e49060",891,5,"neg",0,0,"pointA28neg"
"2","A28","point","e49060",891,6,"neg",0,0,"pointA28neg"
"2","A28","point","e49060",891,7,"neg",1,0,"pointA28neg"
"2","A28","point","e49060",891,8,"neg",1,0,"pointA28neg"
"2","A28","point","e493e7",899,1,"neg",0,1,"pointA28neg"
"2","A28","point","e493e7",899,2,"neg",0,1,"pointA28neg"
"2","A28","point","e493e7",899,3,"neg",0,1,"pointA28neg"
"2","A28","point","e493e7",899,4,"neg",0,1,"pointA28neg"
"2","A28","point","e493e7",899,5,"neg",0,1,"pointA28neg"
"2","A28","point","e493e7",899,6,"neg",0,1,"pointA28neg"
"2","A28","point","e493e7",899,7,"neg",0,1,"pointA28neg"
"2","A28","point","e493e7",899,8,"neg",0,1,"pointA28neg"
"2","A28","point","e49193",902,1,"neg",1,0,"pointA28neg"
"2","A28","point","e49193",902,2,"neg",1,0,"pointA28neg"
"2","A28","point","e49193",902,3,"neg",1,0,"pointA28neg"
"2","A28","point","e49193",902,4,"neg",1,0,"pointA28neg"
"2","A28","point","e49193",902,5,"neg",1,0,"pointA28neg"
"2","A28","point","e49193",902,6,"neg",1,0,"pointA28neg"
"2","A28","point","e49193",902,7,"neg",1,0,"pointA28neg"
"2","A28","point","e49193",902,8,"neg",1,0,"pointA28neg"
"2","A28","point","e49783",897,1,"neg",1,0,"pointA28neg"
"2","A28","point","e49783",897,2,"neg",1,0,"pointA28neg"
"2","A28","point","e49783",897,3,"neg",1,0,"pointA28neg"
"2","A28","point","e49783",897,4,"neg",1,0,"pointA28neg"
"2","A28","point","e49783",897,5,"neg",1,0,"pointA28neg"
"2","A28","point","e49783",897,6,"neg",1,0,"pointA28neg"
"2","A28","point","e49783",897,7,"neg",1,0,"pointA28neg"
"2","A28","point","e49783",897,8,"neg",1,0,"pointA28neg"
"2","A28","point","e49541",870,1,"neg",1,1,"pointA28neg"
"2","A28","point","e49541",870,2,"neg",1,1,"pointA28neg"
"2","A28","point","e49541",870,3,"neg",0,1,"pointA28neg"
"2","A28","point","e49541",870,4,"neg",1,1,"pointA28neg"
"2","A28","point","e49541",870,5,"neg",1,1,"pointA28neg"
"2","A28","point","e49541",870,6,"neg",1,1,"pointA28neg"
"2","A28","point","e49541",870,7,"neg",1,1,"pointA28neg"
"2","A28","point","e49541",870,8,"neg",1,1,"pointA28neg"
"2","A28","point","e49ee0",910,1,"neg",0,0,"pointA28neg"
"2","A28","point","e49ee0",910,2,"neg",0,0,"pointA28neg"
"2","A28","point","e49ee0",910,3,"neg",0,0,"pointA28neg"
"2","A28","point","e49ee0",910,4,"neg",0,0,"pointA28neg"
"2","A28","point","e49ee0",910,5,"neg",0,0,"pointA28neg"
"2","A28","point","e49ee0",910,6,"neg",0,0,"pointA28neg"
"2","A28","point","e49ee0",910,7,"neg",0,0,"pointA28neg"
"2","A28","point","e49ee0",910,8,"neg",0,0,"pointA28neg"
"2","A28","point","e49661",886,1,"neg",0,1,"pointA28neg"
"2","A28","point","e49661",886,2,"neg",0,1,"pointA28neg"
"2","A28","point","e49661",886,3,"neg",0,1,"pointA28neg"
"2","A28","point","e49661",886,4,"neg",0,1,"pointA28neg"
"2","A28","point","e49661",886,5,"neg",1,1,"pointA28neg"
"2","A28","point","e49661",886,6,"neg",1,1,"pointA28neg"
"2","A28","point","e49661",886,7,"neg",0,1,"pointA28neg"
"2","A28","point","e49661",886,8,"neg",1,1,"pointA28neg"
"2","A28","point","e50748",800,1,"neg",0,1,"pointA28neg"
"2","A28","point","e50748",800,2,"neg",0,1,"pointA28neg"
"2","A28","point","e50748",800,3,"neg",1,1,"pointA28neg"
"2","A28","point","e50748",800,4,"neg",1,1,"pointA28neg"
"2","A28","point","e50748",800,5,"neg",1,1,"pointA28neg"
"2","A28","point","e50748",800,6,"neg",1,1,"pointA28neg"
"2","A28","point","e50748",800,7,"neg",1,1,"pointA28neg"
"2","A28","point","e50748",800,8,"neg",1,1,"pointA28neg"
"2","A28","point","e498e1",893,1,"neg",1,0,"pointA28neg"
"2","A28","point","e498e1",893,2,"neg",1,0,"pointA28neg"
"2","A28","point","e498e1",893,3,"neg",1,0,"pointA28neg"
"2","A28","point","e498e1",893,4,"neg",1,0,"pointA28neg"
"2","A28","point","e498e1",893,5,"neg",1,0,"pointA28neg"
"2","A28","point","e498e1",893,6,"neg",1,0,"pointA28neg"
"2","A28","point","e498e1",893,7,"neg",1,0,"pointA28neg"
"2","A28","point","e498e1",893,8,"neg",1,0,"pointA28neg"
"2","A28","point","e49697",905,1,"neg",0,0,"pointA28neg"
"2","A28","point","e49697",905,2,"neg",1,0,"pointA28neg"
"2","A28","point","e49697",905,3,"neg",0,0,"pointA28neg"
"2","A28","point","e49697",905,4,"neg",0,0,"pointA28neg"
"2","A28","point","e49697",905,5,"neg",0,0,"pointA28neg"
"2","A28","point","e49697",905,6,"neg",0,0,"pointA28neg"
"2","A28","point","e49697",905,7,"neg",0,0,"pointA28neg"
"2","A28","point","e49697",905,8,"neg",1,0,"pointA28neg"
"2","A28","point","e4930e",871,1,"neg",0,1,"pointA28neg"
"2","A28","point","e4930e",871,2,"neg",0,1,"pointA28neg"
"2","A28","point","e4930e",871,3,"neg",0,1,"pointA28neg"
"2","A28","point","e4930e",871,4,"neg",0,1,"pointA28neg"
"2","A28","point","e4930e",871,5,"neg",0,1,"pointA28neg"
"2","A28","point","e4930e",871,6,"neg",0,1,"pointA28neg"
"2","A28","point","e4930e",871,7,"neg",0,1,"pointA28neg"
"2","A28","point","e4930e",871,8,"neg",0,1,"pointA28neg"
"2","A28","point","e50910",809,1,"neg",0,1,"pointA28neg"
"2","A28","point","e50910",809,2,"neg",0,1,"pointA28neg"
"2","A28","point","e50910",809,3,"neg",0,1,"pointA28neg"
"2","A28","point","e50910",809,4,"neg",0,1,"pointA28neg"
"2","A28","point","e50910",809,5,"neg",1,1,"pointA28neg"
"2","A28","point","e50910",809,6,"neg",0,1,"pointA28neg"
"2","A28","point","e50910",809,7,"neg",0,1,"pointA28neg"
"2","A28","point","e50910",809,8,"neg",0,1,"pointA28neg"
"2","A28","point","e50011",893,1,"neg",1,1,"pointA28neg"
"2","A28","point","e50011",893,2,"neg",0,1,"pointA28neg"
"2","A28","point","e50011",893,3,"neg",1,1,"pointA28neg"
"2","A28","point","e50011",893,4,"neg",1,1,"pointA28neg"
"2","A28","point","e50011",893,5,"neg",0,1,"pointA28neg"
"2","A28","point","e50011",893,6,"neg",1,1,"pointA28neg"
"2","A28","point","e50011",893,7,"neg",0,1,"pointA28neg"
"2","A28","point","e50011",893,8,"neg",1,1,"pointA28neg"
"2","A28","point","e51656",839,1,"neg",1,1,"pointA28neg"
"2","A28","point","e51656",839,2,"neg",1,1,"pointA28neg"
"2","A28","point","e51656",839,3,"neg",1,1,"pointA28neg"
"2","A28","point","e51656",839,4,"neg",0,1,"pointA28neg"
"2","A28","point","e51656",839,5,"neg",1,1,"pointA28neg"
"2","A28","point","e51656",839,6,"neg",0,1,"pointA28neg"
"2","A28","point","e49e00",866,1,"neg",1,1,"pointA28neg"
"2","A28","point","e49e00",866,2,"neg",1,1,"pointA28neg"
"2","A28","point","e49e00",866,3,"neg",1,1,"pointA28neg"
"2","A28","point","e49e00",866,4,"neg",1,1,"pointA28neg"
"2","A28","point","e49e00",866,5,"neg",1,1,"pointA28neg"
"2","A28","point","e49e00",866,6,"neg",1,1,"pointA28neg"
"2","A28","point","e49e00",866,7,"neg",1,1,"pointA28neg"
"2","A28","point","e49e00",866,8,"neg",1,1,"pointA28neg"
"2","A28","point","e49756",874,1,"neg",1,0,"pointA28neg"
"2","A28","point","e49756",874,2,"neg",1,0,"pointA28neg"
"2","A28","point","e49756",874,3,"neg",1,0,"pointA28neg"
"2","A28","point","e49756",874,4,"neg",0,0,"pointA28neg"
"2","A28","point","e49756",874,5,"neg",0,0,"pointA28neg"
"2","A28","point","e49756",874,6,"neg",1,0,"pointA28neg"
"2","A28","point","e49756",874,7,"neg",0,0,"pointA28neg"
"2","A28","point","e49756",874,8,"neg",1,0,"pointA28neg"
"2","A34","point","e47011",1067,1,"neg",0,0,"pointA34neg"
"2","A34","point","e47011",1067,2,"neg",0,0,"pointA34neg"
"2","A34","point","e47011",1067,3,"neg",1,0,"pointA34neg"
"2","A34","point","e47011",1067,4,"neg",0,0,"pointA34neg"
"2","A34","point","e47011",1067,5,"neg",1,0,"pointA34neg"
"2","A34","point","e47011",1067,6,"neg",0,0,"pointA34neg"
"2","A34","point","e47011",1067,7,"neg",1,0,"pointA34neg"
"2","A34","point","e47011",1067,8,"neg",0,0,"pointA34neg"
"2","A34","point","e47040",1080,1,"neg",0,0,"pointA34neg"
"2","A34","point","e47040",1080,2,"neg",0,0,"pointA34neg"
"2","A34","point","e47040",1080,3,"neg",0,0,"pointA34neg"
"2","A34","point","e47040",1080,4,"neg",1,0,"pointA34neg"
"2","A34","point","e47040",1080,5,"neg",0,0,"pointA34neg"
"2","A34","point","e47040",1080,6,"neg",1,0,"pointA34neg"
"2","A34","point","e47040",1080,7,"neg",0,0,"pointA34neg"
"2","A34","point","e47040",1080,8,"neg",1,0,"pointA34neg"
"2","A34","point","e488e6",1054,1,"neg",0,1,"pointA34neg"
"2","A34","point","e488e6",1054,2,"neg",0,1,"pointA34neg"
"2","A34","point","e488e6",1054,3,"neg",1,1,"pointA34neg"
"2","A34","point","e488e6",1054,4,"neg",1,1,"pointA34neg"
"2","A34","point","e488e6",1054,5,"neg",0,1,"pointA34neg"
"2","A34","point","e488e6",1054,7,"neg",1,1,"pointA34neg"
"2","A34","point","e488e6",1054,8,"neg",0,1,"pointA34neg"
"2","A34","point","e47060",1079,1,"neg",1,0,"pointA34neg"
"2","A34","point","e47060",1079,2,"neg",0,0,"pointA34neg"
"2","A34","point","e47060",1079,3,"neg",0,0,"pointA34neg"
"2","A34","point","e47060",1079,4,"neg",0,0,"pointA34neg"
"2","A34","point","e47060",1079,5,"neg",0,0,"pointA34neg"
"2","A34","point","e47060",1079,6,"neg",0,0,"pointA34neg"
"2","A34","point","e47060",1079,7,"neg",0,0,"pointA34neg"
"2","A34","point","e47060",1079,8,"neg",0,0,"pointA34neg"
"2","A34","point","e4689e",1085,1,"neg",0,0,"pointA34neg"
"2","A34","point","e4689e",1085,2,"neg",1,0,"pointA34neg"
"2","A34","point","e4689e",1085,3,"neg",0,0,"pointA34neg"
"2","A34","point","e4689e",1085,4,"neg",0,0,"pointA34neg"
"2","A34","point","e4689e",1085,5,"neg",0,0,"pointA34neg"
"2","A34","point","e4689e",1085,6,"neg",0,0,"pointA34neg"
"2","A34","point","e4689e",1085,7,"neg",1,0,"pointA34neg"
"2","A34","point","e4689e",1085,8,"neg",0,0,"pointA34neg"
"2","A34","point","e49105",1053,1,"neg",0,0,"pointA34neg"
"2","A34","point","e49105",1053,2,"neg",0,0,"pointA34neg"
"2","A34","point","e49105",1053,3,"neg",1,0,"pointA34neg"
"2","A34","point","e49105",1053,4,"neg",0,0,"pointA34neg"
"2","A34","point","e49105",1053,5,"neg",1,0,"pointA34neg"
"2","A34","point","e49105",1053,6,"neg",0,0,"pointA34neg"
"2","A34","point","e49105",1053,7,"neg",0,0,"pointA34neg"
"2","A34","point","e49105",1053,8,"neg",0,0,"pointA34neg"
"2","A34","point","e49ee9",1069,1,"neg",0,1,"pointA34neg"
"2","A34","point","e49ee9",1069,2,"neg",0,1,"pointA34neg"
"2","A34","point","e49ee9",1069,3,"neg",0,1,"pointA34neg"
"2","A34","point","e49ee9",1069,4,"neg",0,1,"pointA34neg"
"2","A34","point","e49ee9",1069,5,"neg",0,1,"pointA34neg"
"2","A34","point","e49ee9",1069,6,"neg",0,1,"pointA34neg"
"2","A34","point","e49ee9",1069,7,"neg",0,1,"pointA34neg"
"2","A34","point","e49ee9",1069,8,"neg",0,1,"pointA34neg"
"2","A34","point","e4679e",1089,1,"neg",1,1,"pointA34neg"
"2","A34","point","e4679e",1089,2,"neg",1,1,"pointA34neg"
"2","A34","point","e4679e",1089,3,"neg",1,1,"pointA34neg"
"2","A34","point","e4679e",1089,4,"neg",1,1,"pointA34neg"
"2","A34","point","e4679e",1089,5,"neg",0,1,"pointA34neg"
"2","A34","point","e4679e",1089,6,"neg",1,1,"pointA34neg"
"2","A34","point","e4679e",1089,7,"neg",0,1,"pointA34neg"
"2","A34","point","e4679e",1089,8,"neg",1,1,"pointA34neg"
"2","A34","point","e49e9e",1050,1,"neg",0,1,"pointA34neg"
"2","A34","point","e49e9e",1050,2,"neg",0,1,"pointA34neg"
"2","A34","point","e49e9e",1050,3,"neg",0,1,"pointA34neg"
"2","A34","point","e49e9e",1050,4,"neg",0,1,"pointA34neg"
"2","A34","point","e49e9e",1050,5,"neg",0,1,"pointA34neg"
"2","A34","point","e49e9e",1050,6,"neg",0,1,"pointA34neg"
"2","A34","point","e49e9e",1050,7,"neg",0,1,"pointA34neg"
"2","A34","point","e49e9e",1050,8,"neg",0,1,"pointA34neg"
"2","A34","point","e49ee3",1025,1,"neg",0,1,"pointA34neg"
"2","A34","point","e49ee3",1025,2,"neg",0,1,"pointA34neg"
"2","A34","point","e49ee3",1025,3,"neg",1,1,"pointA34neg"
"2","A34","point","e49ee3",1025,4,"neg",1,1,"pointA34neg"
"2","A34","point","e49ee3",1025,5,"neg",0,1,"pointA34neg"
"2","A34","point","e49ee3",1025,6,"neg",1,1,"pointA34neg"
"2","A34","point","e49ee3",1025,7,"neg",0,1,"pointA34neg"
"2","A34","point","e49ee3",1025,8,"neg",0,1,"pointA34neg"
"2","A34","point","e47039",1069,1,"neg",1,0,"pointA34neg"
"2","A34","point","e47039",1069,2,"neg",1,0,"pointA34neg"
"2","A34","point","e47039",1069,3,"neg",0,0,"pointA34neg"
"2","A34","point","e47039",1069,4,"neg",0,0,"pointA34neg"
"2","A34","point","e47039",1069,5,"neg",0,0,"pointA34neg"
"2","A34","point","e47039",1069,6,"neg",0,0,"pointA34neg"
"2","A34","point","e47039",1069,7,"neg",0,0,"pointA34neg"
"2","A34","point","e47039",1069,8,"neg",0,0,"pointA34neg"
"2","A34","point","e49e43",1057,1,"neg",0,0,"pointA34neg"
"2","A34","point","e49e43",1057,2,"neg",1,0,"pointA34neg"
"2","A34","point","e49e43",1057,3,"neg",1,0,"pointA34neg"
"2","A34","point","e49e43",1057,4,"neg",1,0,"pointA34neg"
"2","A34","point","e49e43",1057,5,"neg",1,0,"pointA34neg"
"2","A34","point","e49e43",1057,6,"neg",1,0,"pointA34neg"
"2","A34","point","e49e43",1057,7,"neg",1,0,"pointA34neg"
"2","A34","point","e49e43",1057,8,"neg",1,0,"pointA34neg"
"2","A34","point","e46770",1088,1,"neg",0,1,"pointA34neg"
"2","A34","point","e46770",1088,2,"neg",0,1,"pointA34neg"
"2","A34","point","e46770",1088,3,"neg",0,1,"pointA34neg"
"2","A34","point","e46770",1088,4,"neg",0,1,"pointA34neg"
"2","A34","point","e46770",1088,5,"neg",1,1,"pointA34neg"
"2","A34","point","e46770",1088,6,"neg",1,1,"pointA34neg"
"2","A34","point","e46770",1088,7,"neg",0,1,"pointA34neg"
"2","A34","point","e46770",1088,8,"neg",1,1,"pointA34neg"
"2","A34","point","e4963e",1028,1,"neg",0,1,"pointA34neg"
"2","A34","point","e4963e",1028,2,"neg",0,1,"pointA34neg"
"2","A34","point","e4963e",1028,3,"neg",0,1,"pointA34neg"
"2","A34","point","e4963e",1028,4,"neg",0,1,"pointA34neg"
"2","A34","point","e4963e",1028,5,"neg",0,1,"pointA34neg"
"2","A34","point","e4963e",1028,6,"neg",0,1,"pointA34neg"
"2","A34","point","e4963e",1028,7,"neg",0,1,"pointA34neg"
"2","A34","point","e4963e",1028,8,"neg",0,1,"pointA34neg"
"2","A34","point","e49898",1053,1,"neg",0,0,"pointA34neg"
"2","A34","point","e49898",1053,2,"neg",1,0,"pointA34neg"
"2","A34","point","e49898",1053,3,"neg",0,0,"pointA34neg"
"2","A34","point","e49898",1053,4,"neg",1,0,"pointA34neg"
"2","A34","point","e49898",1053,5,"neg",1,0,"pointA34neg"
"2","A34","point","e49898",1053,6,"neg",1,0,"pointA34neg"
"2","A34","point","e49898",1053,7,"neg",0,0,"pointA34neg"
"2","A34","point","e49898",1053,8,"neg",0,0,"pointA34neg"
"2","A34","point","e51630",1057,1,"neg",0,0,"pointA34neg"
"2","A34","point","e51630",1057,2,"neg",1,0,"pointA34neg"
"2","A34","point","e51630",1057,3,"neg",0,0,"pointA34neg"
"2","A34","point","e51630",1057,4,"neg",0,0,"pointA34neg"
"2","A34","point","e51630",1057,5,"neg",0,0,"pointA34neg"
"2","A34","point","e51630",1057,6,"neg",0,0,"pointA34neg"
"2","A34","point","e51630",1057,7,"neg",0,0,"pointA34neg"
"2","A34","point","e51630",1057,8,"neg",0,0,"pointA34neg"
"2","A34","point","e49667",1028,1,"neg",1,1,"pointA34neg"
"2","A34","point","e49667",1028,2,"neg",0,1,"pointA34neg"
"2","A34","point","e49667",1028,3,"neg",0,1,"pointA34neg"
"2","A34","point","e49667",1028,4,"neg",0,1,"pointA34neg"
"2","A34","point","e49667",1028,5,"neg",0,1,"pointA34neg"
"2","A34","point","e49667",1028,6,"neg",0,1,"pointA34neg"
"2","A34","point","e49667",1028,7,"neg",0,1,"pointA34neg"
"2","A34","point","e49667",1028,8,"neg",0,1,"pointA34neg"
"2","A34","point","e49771",1077,1,"neg",0,0,"pointA34neg"
"2","A34","point","e49771",1077,2,"neg",0,0,"pointA34neg"
"2","A34","point","e49771",1077,3,"neg",0,0,"pointA34neg"
"2","A34","point","e49771",1077,4,"neg",1,0,"pointA34neg"
"2","A34","point","e49771",1077,5,"neg",0,0,"pointA34neg"
"2","A34","point","e49771",1077,6,"neg",0,0,"pointA34neg"
"2","A34","point","e49771",1077,7,"neg",1,0,"pointA34neg"
"2","A34","point","e49771",1077,8,"neg",0,0,"pointA34neg"
"2","A34","point","e49151",1056,1,"neg",1,1,"pointA34neg"
"2","A34","point","e49151",1056,2,"neg",1,1,"pointA34neg"
"2","A34","point","e49151",1056,3,"neg",1,1,"pointA34neg"
"2","A34","point","e49151",1056,4,"neg",1,1,"pointA34neg"
"2","A34","point","e49151",1056,5,"neg",0,1,"pointA34neg"
"2","A34","point","e49151",1056,6,"neg",1,1,"pointA34neg"
"2","A34","point","e49151",1056,7,"neg",1,1,"pointA34neg"
"2","A34","point","e49151",1056,8,"neg",1,1,"pointA34neg"
"2","A34","point","e49733",1057,1,"neg",0,1,"pointA34neg"
"2","A34","point","e49733",1057,2,"neg",0,1,"pointA34neg"
"2","A34","point","e49733",1057,3,"neg",0,1,"pointA34neg"
"2","A34","point","e49733",1057,4,"neg",1,1,"pointA34neg"
"2","A34","point","e49733",1057,5,"neg",1,1,"pointA34neg"
"2","A34","point","e49733",1057,6,"neg",1,1,"pointA34neg"
"2","A34","point","e49733",1057,7,"neg",1,1,"pointA34neg"
"2","A34","point","e49733",1057,8,"neg",1,1,"pointA34neg"
"2","A40","point","e46977",1236,1,"neg",1,0,"pointA40neg"
"2","A40","point","e46977",1236,2,"neg",0,0,"pointA40neg"
"2","A40","point","e46977",1236,3,"neg",1,0,"pointA40neg"
"2","A40","point","e46977",1236,4,"neg",0,0,"pointA40neg"
"2","A40","point","e46977",1236,5,"neg",0,0,"pointA40neg"
"2","A40","point","e46977",1236,6,"neg",0,0,"pointA40neg"
"2","A40","point","e46977",1236,7,"neg",1,0,"pointA40neg"
"2","A40","point","e46977",1236,8,"neg",0,0,"pointA40neg"
"2","A40","point","e46646",1199,1,"neg",0,1,"pointA40neg"
"2","A40","point","e46646",1199,2,"neg",1,1,"pointA40neg"
"2","A40","point","e46646",1199,3,"neg",0,1,"pointA40neg"
"2","A40","point","e46646",1199,4,"neg",0,1,"pointA40neg"
"2","A40","point","e46646",1199,5,"neg",0,1,"pointA40neg"
"2","A40","point","e46646",1199,6,"neg",0,1,"pointA40neg"
"2","A40","point","e46646",1199,7,"neg",0,1,"pointA40neg"
"2","A40","point","e46646",1199,8,"neg",0,1,"pointA40neg"
"2","A40","point","e49306",1161,1,"neg",1,1,"pointA40neg"
"2","A40","point","e49306",1161,2,"neg",1,1,"pointA40neg"
"2","A40","point","e49306",1161,3,"neg",0,1,"pointA40neg"
"2","A40","point","e49306",1161,4,"neg",1,1,"pointA40neg"
"2","A40","point","e49306",1161,5,"neg",1,1,"pointA40neg"
"2","A40","point","e49306",1161,6,"neg",1,1,"pointA40neg"
"2","A40","point","e49306",1161,7,"neg",1,1,"pointA40neg"
"2","A40","point","e49306",1161,8,"neg",0,1,"pointA40neg"
"2","A40","point","e46679",1248,1,"neg",0,1,"pointA40neg"
"2","A40","point","e46679",1248,2,"neg",1,1,"pointA40neg"
"2","A40","point","e46679",1248,3,"neg",1,1,"pointA40neg"
"2","A40","point","e46679",1248,4,"neg",0,1,"pointA40neg"
"2","A40","point","e46679",1248,5,"neg",1,1,"pointA40neg"
"2","A40","point","e46679",1248,6,"neg",1,1,"pointA40neg"
"2","A40","point","e46679",1248,7,"neg",1,1,"pointA40neg"
"2","A40","point","e46679",1248,8,"neg",0,1,"pointA40neg"
"2","A40","point","e48468",1261,1,"neg",0,1,"pointA40neg"
"2","A40","point","e48468",1261,2,"neg",1,1,"pointA40neg"
"2","A40","point","e48468",1261,3,"neg",1,1,"pointA40neg"
"2","A40","point","e48468",1261,4,"neg",1,1,"pointA40neg"
"2","A40","point","e48468",1261,5,"neg",1,1,"pointA40neg"
"2","A40","point","e48468",1261,6,"neg",1,1,"pointA40neg"
"2","A40","point","e48468",1261,7,"neg",1,1,"pointA40neg"
"2","A40","point","e48468",1261,8,"neg",1,1,"pointA40neg"
"2","A40","point","e46908",1198,1,"neg",0,1,"pointA40neg"
"2","A40","point","e46908",1198,2,"neg",1,1,"pointA40neg"
"2","A40","point","e46908",1198,3,"neg",1,1,"pointA40neg"
"2","A40","point","e46908",1198,4,"neg",1,1,"pointA40neg"
"2","A40","point","e46908",1198,5,"neg",1,1,"pointA40neg"
"2","A40","point","e46908",1198,6,"neg",1,1,"pointA40neg"
"2","A40","point","e46908",1198,7,"neg",1,1,"pointA40neg"
"2","A40","point","e46908",1198,8,"neg",1,1,"pointA40neg"
"2","A40","point","e49163",1163,1,"neg",1,1,"pointA40neg"
"2","A40","point","e49163",1163,2,"neg",0,1,"pointA40neg"
"2","A40","point","e49163",1163,3,"neg",1,1,"pointA40neg"
"2","A40","point","e49163",1163,4,"neg",1,1,"pointA40neg"
"2","A40","point","e49163",1163,5,"neg",0,1,"pointA40neg"
"2","A40","point","e49163",1163,6,"neg",1,1,"pointA40neg"
"2","A40","point","e49163",1163,7,"neg",1,1,"pointA40neg"
"2","A40","point","e49163",1163,8,"neg",1,1,"pointA40neg"
"2","A40","point","e491e6",1165,1,"neg",0,0,"pointA40neg"
"2","A40","point","e491e6",1165,2,"neg",1,0,"pointA40neg"
"2","A40","point","e491e6",1165,3,"neg",0,0,"pointA40neg"
"2","A40","point","e491e6",1165,4,"neg",1,0,"pointA40neg"
"2","A40","point","e491e6",1165,5,"neg",0,0,"pointA40neg"
"2","A40","point","e491e6",1165,6,"neg",1,0,"pointA40neg"
"2","A40","point","e491e6",1165,7,"neg",0,0,"pointA40neg"
"2","A40","point","e491e6",1165,8,"neg",0,0,"pointA40neg"
"2","A40","point","e46674",1261,1,"neg",0,0,"pointA40neg"
"2","A40","point","e46674",1261,2,"neg",0,0,"pointA40neg"
"2","A40","point","e46674",1261,3,"neg",0,0,"pointA40neg"
"2","A40","point","e46674",1261,4,"neg",0,0,"pointA40neg"
"2","A40","point","e46674",1261,5,"neg",1,0,"pointA40neg"
"2","A40","point","e46674",1261,6,"neg",0,0,"pointA40neg"
"2","A40","point","e46674",1261,7,"neg",1,0,"pointA40neg"
"2","A40","point","e46674",1261,8,"neg",0,0,"pointA40neg"
"2","A40","point","e47005",1266,1,"neg",0,0,"pointA40neg"
"2","A40","point","e47005",1266,2,"neg",0,0,"pointA40neg"
"2","A40","point","e47005",1266,3,"neg",0,0,"pointA40neg"
"2","A40","point","e47005",1266,4,"neg",0,0,"pointA40neg"
"2","A40","point","e47005",1266,5,"neg",0,0,"pointA40neg"
"2","A40","point","e47005",1266,6,"neg",0,0,"pointA40neg"
"2","A40","point","e47005",1266,7,"neg",0,0,"pointA40neg"
"2","A40","point","e47005",1266,8,"neg",0,0,"pointA40neg"
"2","A40","point","e46685",1208,1,"neg",0,0,"pointA40neg"
"2","A40","point","e46685",1208,2,"neg",0,0,"pointA40neg"
"2","A40","point","e46685",1208,3,"neg",0,0,"pointA40neg"
"2","A40","point","e46685",1208,4,"neg",0,0,"pointA40neg"
"2","A40","point","e46685",1208,5,"neg",0,0,"pointA40neg"
"2","A40","point","e46685",1208,6,"neg",0,0,"pointA40neg"
"2","A40","point","e46685",1208,7,"neg",0,0,"pointA40neg"
"2","A40","point","e46685",1208,8,"neg",1,0,"pointA40neg"
"2","A40","point","e48745",1214,1,"neg",0,0,"pointA40neg"
"2","A40","point","e48745",1214,2,"neg",0,0,"pointA40neg"
"2","A40","point","e48745",1214,3,"neg",0,0,"pointA40neg"
"2","A40","point","e48745",1214,4,"neg",0,0,"pointA40neg"
"2","A40","point","e48745",1214,5,"neg",0,0,"pointA40neg"
"2","A40","point","e48745",1214,6,"neg",0,0,"pointA40neg"
"2","A40","point","e48745",1214,7,"neg",0,0,"pointA40neg"
"2","A40","point","e48745",1214,8,"neg",0,0,"pointA40neg"
"2","A40","point","e48746",1214,1,"neg",0,0,"pointA40neg"
"2","A40","point","e48746",1214,2,"neg",0,0,"pointA40neg"
"2","A40","point","e48746",1214,3,"neg",0,0,"pointA40neg"
"2","A40","point","e48746",1214,4,"neg",0,0,"pointA40neg"
"2","A40","point","e48746",1214,5,"neg",0,0,"pointA40neg"
"2","A40","point","e48746",1214,6,"neg",0,0,"pointA40neg"
"2","A40","point","e48746",1214,7,"neg",0,0,"pointA40neg"
"2","A40","point","e48746",1214,8,"neg",0,0,"pointA40neg"
"2","A40","point","e46644",1216,1,"neg",0,1,"pointA40neg"
"2","A40","point","e46644",1216,2,"neg",1,1,"pointA40neg"
"2","A40","point","e46644",1216,3,"neg",1,1,"pointA40neg"
"2","A40","point","e46644",1216,4,"neg",1,1,"pointA40neg"
"2","A40","point","e46644",1216,5,"neg",1,1,"pointA40neg"
"2","A40","point","e46644",1216,6,"neg",1,1,"pointA40neg"
"2","A40","point","e46644",1216,7,"neg",1,1,"pointA40neg"
"2","A40","point","e46644",1216,8,"neg",1,1,"pointA40neg"
"2","A40","point","e47008",1277,1,"neg",1,0,"pointA40neg"
"2","A40","point","e47008",1277,2,"neg",1,0,"pointA40neg"
"2","A40","point","e47008",1277,3,"neg",0,0,"pointA40neg"
"2","A40","point","e47008",1277,4,"neg",0,0,"pointA40neg"
"2","A40","point","e47008",1277,5,"neg",1,0,"pointA40neg"
"2","A40","point","e47008",1277,6,"neg",1,0,"pointA40neg"
"2","A40","point","e47008",1277,7,"neg",0,0,"pointA40neg"
"2","A40","point","e47008",1277,8,"neg",0,0,"pointA40neg"
"2","A40","point","e468e9",1237,1,"neg",1,0,"pointA40neg"
"2","A40","point","e468e9",1237,2,"neg",1,0,"pointA40neg"
"2","A40","point","e468e9",1237,3,"neg",1,0,"pointA40neg"
"2","A40","point","e468e9",1237,4,"neg",0,0,"pointA40neg"
"2","A40","point","e468e9",1237,5,"neg",0,0,"pointA40neg"
"2","A40","point","e468e9",1237,6,"neg",1,0,"pointA40neg"
"2","A40","point","e468e9",1237,7,"neg",0,0,"pointA40neg"
"2","A40","point","e468e9",1237,8,"neg",1,0,"pointA40neg"
"2","A40","point","e47061",1233,1,"neg",0,0,"pointA40neg"
"2","A40","point","e47061",1233,2,"neg",1,0,"pointA40neg"
"2","A40","point","e47061",1233,3,"neg",0,0,"pointA40neg"
"2","A40","point","e47061",1233,4,"neg",1,0,"pointA40neg"
"2","A40","point","e47061",1233,5,"neg",1,0,"pointA40neg"
"2","A40","point","e47061",1233,6,"neg",0,0,"pointA40neg"
"2","A40","point","e47061",1233,7,"neg",1,0,"pointA40neg"
"2","A40","point","e47061",1233,8,"neg",0,0,"pointA40neg"
"2","A40","point","e4706e",1233,1,"neg",1,1,"pointA40neg"
"2","A40","point","e4706e",1233,2,"neg",1,1,"pointA40neg"
"2","A40","point","e4706e",1233,3,"neg",1,1,"pointA40neg"
"2","A40","point","e4706e",1233,5,"neg",1,1,"pointA40neg"
"2","A40","point","e4706e",1233,6,"neg",1,1,"pointA40neg"
"2","A40","point","e4706e",1233,7,"neg",1,1,"pointA40neg"
"2","A40","point","e4706e",1233,8,"neg",1,1,"pointA40neg"
"2","A40","point","e475e7",1238,1,"neg",0,1,"pointA40neg"
"2","A40","point","e475e7",1238,2,"neg",1,1,"pointA40neg"
"2","A40","point","e475e7",1238,3,"neg",1,1,"pointA40neg"
"2","A40","point","e475e7",1238,4,"neg",1,1,"pointA40neg"
"2","A40","point","e475e7",1238,6,"neg",1,1,"pointA40neg"
"2","A40","point","e475e7",1238,7,"neg",1,1,"pointA40neg"
"2","A40","point","e475e7",1238,8,"neg",1,1,"pointA40neg"
"2","A40","point","e46951",1221,1,"neg",1,1,"pointA40neg"
"2","A40","point","e46951",1221,2,"neg",0,1,"pointA40neg"
"2","A40","point","e46951",1221,3,"neg",0,1,"pointA40neg"
"2","A40","point","e46951",1221,4,"neg",0,1,"pointA40neg"
"2","A40","point","e46951",1221,5,"neg",0,1,"pointA40neg"
"2","A40","point","e46951",1221,6,"neg",0,1,"pointA40neg"
"2","A40","point","e46951",1221,7,"neg",0,1,"pointA40neg"
"2","A40","point","e46951",1221,8,"neg",0,1,"pointA40neg"
"2","A46","point","e46783",1450,1,"neg",0,1,"pointA46neg"
"2","A46","point","e46783",1450,2,"neg",0,1,"pointA46neg"
"2","A46","point","e46783",1450,3,"neg",0,1,"pointA46neg"
"2","A46","point","e46783",1450,4,"neg",0,1,"pointA46neg"
"2","A46","point","e46783",1450,5,"neg",0,1,"pointA46neg"
"2","A46","point","e46783",1450,6,"neg",0,1,"pointA46neg"
"2","A46","point","e46783",1450,7,"neg",0,1,"pointA46neg"
"2","A46","point","e46783",1450,8,"neg",0,1,"pointA46neg"
"2","A46","point","e4719e",1431,1,"neg",1,0,"pointA46neg"
"2","A46","point","e4719e",1431,2,"neg",1,0,"pointA46neg"
"2","A46","point","e4719e",1431,3,"neg",1,0,"pointA46neg"
"2","A46","point","e4719e",1431,4,"neg",1,0,"pointA46neg"
"2","A46","point","e4719e",1431,5,"neg",1,0,"pointA46neg"
"2","A46","point","e4719e",1431,6,"neg",1,0,"pointA46neg"
"2","A46","point","e4719e",1431,7,"neg",1,0,"pointA46neg"
"2","A46","point","e4719e",1431,8,"neg",1,0,"pointA46neg"
"2","A46","point","e466e9",1459,1,"neg",1,1,"pointA46neg"
"2","A46","point","e466e9",1459,2,"neg",1,1,"pointA46neg"
"2","A46","point","e466e9",1459,3,"neg",1,1,"pointA46neg"
"2","A46","point","e466e9",1459,4,"neg",1,1,"pointA46neg"
"2","A46","point","e466e9",1459,5,"neg",1,1,"pointA46neg"
"2","A46","point","e466e9",1459,6,"neg",1,1,"pointA46neg"
"2","A46","point","e466e9",1459,7,"neg",1,1,"pointA46neg"
"2","A46","point","e466e9",1459,8,"neg",1,1,"pointA46neg"
"2","A46","point","e49337",1429,1,"neg",0,1,"pointA46neg"
"2","A46","point","e49337",1429,2,"neg",0,1,"pointA46neg"
"2","A46","point","e49337",1429,3,"neg",1,1,"pointA46neg"
"2","A46","point","e49337",1429,4,"neg",1,1,"pointA46neg"
"2","A46","point","e49337",1429,5,"neg",1,1,"pointA46neg"
"2","A46","point","e49337",1429,6,"neg",0,1,"pointA46neg"
"2","A46","point","e49337",1429,7,"neg",0,1,"pointA46neg"
"2","A46","point","e49337",1429,8,"neg",1,1,"pointA46neg"
"2","A46","point","e47e83",1431,1,"neg",0,0,"pointA46neg"
"2","A46","point","e47e83",1431,2,"neg",1,0,"pointA46neg"
"2","A46","point","e47e83",1431,3,"neg",1,0,"pointA46neg"
"2","A46","point","e47e83",1431,4,"neg",1,0,"pointA46neg"
"2","A46","point","e47e83",1431,5,"neg",1,0,"pointA46neg"
"2","A46","point","e47e83",1431,6,"neg",1,0,"pointA46neg"
"2","A46","point","e47e83",1431,7,"neg",1,0,"pointA46neg"
"2","A46","point","e47e83",1431,8,"neg",1,0,"pointA46neg"
"2","A46","point","e47064",1438,1,"neg",1,1,"pointA46neg"
"2","A46","point","e47064",1438,2,"neg",0,1,"pointA46neg"
"2","A46","point","e47064",1438,3,"neg",0,1,"pointA46neg"
"2","A46","point","e47064",1438,4,"neg",1,1,"pointA46neg"
"2","A46","point","e47064",1438,5,"neg",0,1,"pointA46neg"
"2","A46","point","e47064",1438,6,"neg",0,1,"pointA46neg"
"2","A46","point","e47064",1438,7,"neg",1,1,"pointA46neg"
"2","A46","point","e47064",1438,8,"neg",1,1,"pointA46neg"
"2","A46","point","e47065",1438,1,"neg",0,0,"pointA46neg"
"2","A46","point","e47065",1438,2,"neg",1,0,"pointA46neg"
"2","A46","point","e47065",1438,3,"neg",1,0,"pointA46neg"
"2","A46","point","e47065",1438,4,"neg",1,0,"pointA46neg"
"2","A46","point","e47065",1438,5,"neg",1,0,"pointA46neg"
"2","A46","point","e47065",1438,6,"neg",1,0,"pointA46neg"
"2","A46","point","e47065",1438,7,"neg",1,0,"pointA46neg"
"2","A46","point","e47065",1438,8,"neg",1,0,"pointA46neg"
"2","A46","point","e46863",1450,1,"neg",1,0,"pointA46neg"
"2","A46","point","e46863",1450,2,"neg",1,0,"pointA46neg"
"2","A46","point","e46863",1450,3,"neg",1,0,"pointA46neg"
"2","A46","point","e46863",1450,4,"neg",1,0,"pointA46neg"
"2","A46","point","e46863",1450,5,"neg",1,0,"pointA46neg"
"2","A46","point","e46863",1450,6,"neg",1,0,"pointA46neg"
"2","A46","point","e46863",1450,7,"neg",1,0,"pointA46neg"
"2","A46","point","e46863",1450,8,"neg",1,0,"pointA46neg"
"2","A46","point","e47e57",1395,1,"neg",1,0,"pointA46neg"
"2","A46","point","e47e57",1395,2,"neg",1,0,"pointA46neg"
"2","A46","point","e47e57",1395,3,"neg",1,0,"pointA46neg"
"2","A46","point","e47e57",1395,4,"neg",1,0,"pointA46neg"
"2","A46","point","e47e57",1395,5,"neg",1,0,"pointA46neg"
"2","A46","point","e47e57",1395,6,"neg",1,0,"pointA46neg"
"2","A46","point","e47e57",1395,7,"neg",1,0,"pointA46neg"
"2","A46","point","e47e57",1395,8,"neg",1,0,"pointA46neg"
"2","A46","point","e4757e",1454,1,"neg",1,0,"pointA46neg"
"2","A46","point","e4757e",1454,2,"neg",1,0,"pointA46neg"
"2","A46","point","e4757e",1454,3,"neg",1,0,"pointA46neg"
"2","A46","point","e4757e",1454,4,"neg",1,0,"pointA46neg"
"2","A46","point","e4757e",1454,5,"neg",1,0,"pointA46neg"
"2","A46","point","e4757e",1454,6,"neg",1,0,"pointA46neg"
"2","A46","point","e4757e",1454,7,"neg",1,0,"pointA46neg"
"2","A46","point","e4757e",1454,8,"neg",1,0,"pointA46neg"
"2","A46","point","e47167",1443,1,"neg",0,0,"pointA46neg"
"2","A46","point","e47167",1443,2,"neg",1,0,"pointA46neg"
"2","A46","point","e47167",1443,3,"neg",1,0,"pointA46neg"
"2","A46","point","e47167",1443,4,"neg",1,0,"pointA46neg"
"2","A46","point","e47167",1443,5,"neg",1,0,"pointA46neg"
"2","A46","point","e47167",1443,6,"neg",1,0,"pointA46neg"
"2","A46","point","e47167",1443,7,"neg",1,0,"pointA46neg"
"2","A46","point","e47167",1443,8,"neg",1,0,"pointA46neg"
"2","A46","point","e46895",1393,1,"neg",1,0,"pointA46neg"
"2","A46","point","e46895",1393,2,"neg",1,0,"pointA46neg"
"2","A46","point","e46895",1393,3,"neg",1,0,"pointA46neg"
"2","A46","point","e46895",1393,4,"neg",1,0,"pointA46neg"
"2","A46","point","e46895",1393,5,"neg",1,0,"pointA46neg"
"2","A46","point","e46895",1393,6,"neg",1,0,"pointA46neg"
"2","A46","point","e46895",1393,7,"neg",1,0,"pointA46neg"
"2","A46","point","e46895",1393,8,"neg",1,0,"pointA46neg"
"2","A46","point","e481e3",1450,1,"neg",0,1,"pointA46neg"
"2","A46","point","e481e3",1450,2,"neg",0,1,"pointA46neg"
"2","A46","point","e481e3",1450,3,"neg",0,1,"pointA46neg"
"2","A46","point","e481e3",1450,4,"neg",0,1,"pointA46neg"
"2","A46","point","e481e3",1450,5,"neg",0,1,"pointA46neg"
"2","A46","point","e481e3",1450,6,"neg",0,1,"pointA46neg"
"2","A46","point","e481e3",1450,7,"neg",0,1,"pointA46neg"
"2","A46","point","e481e3",1450,8,"neg",0,1,"pointA46neg"
"2","A46","point","e46856",1412,1,"neg",1,0,"pointA46neg"
"2","A46","point","e46856",1412,2,"neg",0,0,"pointA46neg"
"2","A46","point","e46856",1412,3,"neg",0,0,"pointA46neg"
"2","A46","point","e46856",1412,4,"neg",0,0,"pointA46neg"
"2","A46","point","e46856",1412,5,"neg",1,0,"pointA46neg"
"2","A46","point","e46856",1412,6,"neg",1,0,"pointA46neg"
"2","A46","point","e46856",1412,7,"neg",1,0,"pointA46neg"
"2","A46","point","e46856",1412,8,"neg",1,0,"pointA46neg"
"2","A46","point","e47003",1428,1,"neg",1,0,"pointA46neg"
"2","A46","point","e47003",1428,2,"neg",1,0,"pointA46neg"
"2","A46","point","e47003",1428,3,"neg",1,0,"pointA46neg"
"2","A46","point","e47003",1428,4,"neg",1,0,"pointA46neg"
"2","A46","point","e47003",1428,5,"neg",1,0,"pointA46neg"
"2","A46","point","e47003",1428,6,"neg",1,0,"pointA46neg"
"2","A46","point","e47003",1428,7,"neg",1,0,"pointA46neg"
"2","A46","point","e47003",1428,8,"neg",1,0,"pointA46neg"
"2","A46","point","e46550",1394,1,"neg",0,1,"pointA46neg"
"2","A46","point","e46550",1394,2,"neg",0,1,"pointA46neg"
"2","A46","point","e46550",1394,3,"neg",0,1,"pointA46neg"
"2","A46","point","e46550",1394,4,"neg",1,1,"pointA46neg"
"2","A46","point","e46550",1394,5,"neg",1,1,"pointA46neg"
"2","A46","point","e46550",1394,6,"neg",1,1,"pointA46neg"
"2","A46","point","e46550",1394,7,"neg",1,1,"pointA46neg"
"2","A46","point","e46550",1394,8,"neg",0,1,"pointA46neg"
"2","A46","point","e46883",1422,1,"neg",0,1,"pointA46neg"
"2","A46","point","e46883",1422,2,"neg",1,1,"pointA46neg"
"2","A46","point","e46883",1422,3,"neg",1,1,"pointA46neg"
"2","A46","point","e46883",1422,4,"neg",1,1,"pointA46neg"
"2","A46","point","e46883",1422,5,"neg",1,1,"pointA46neg"
"2","A46","point","e46883",1422,6,"neg",1,1,"pointA46neg"
"2","A46","point","e46883",1422,7,"neg",1,1,"pointA46neg"
"2","A46","point","e46883",1422,8,"neg",1,1,"pointA46neg"
"2","A46","point","e4775e",1443,1,"neg",1,1,"pointA46neg"
"2","A46","point","e4775e",1443,2,"neg",0,1,"pointA46neg"
"2","A46","point","e4775e",1443,3,"neg",1,1,"pointA46neg"
"2","A46","point","e4775e",1443,4,"neg",0,1,"pointA46neg"
"2","A46","point","e4775e",1443,5,"neg",0,1,"pointA46neg"
"2","A46","point","e4775e",1443,6,"neg",1,1,"pointA46neg"
"2","A46","point","e4775e",1443,7,"neg",1,1,"pointA46neg"
"2","A46","point","e4775e",1443,8,"neg",0,1,"pointA46neg"
"2","A46","point","e46680",1420,1,"neg",0,1,"pointA46neg"
"2","A46","point","e46680",1420,2,"neg",1,1,"pointA46neg"
"2","A46","point","e46680",1420,3,"neg",1,1,"pointA46neg"
"2","A46","point","e46680",1420,4,"neg",1,1,"pointA46neg"
"2","A46","point","e46680",1420,5,"neg",1,1,"pointA46neg"
"2","A46","point","e46680",1420,6,"neg",1,1,"pointA46neg"
"2","A46","point","e46680",1420,7,"neg",1,1,"pointA46neg"
"2","A46","point","e46680",1420,8,"neg",1,1,"pointA46neg"
"2","A46","point","e4703e",1351,1,"neg",1,1,"pointA46neg"
"2","A46","point","e4703e",1351,2,"neg",1,1,"pointA46neg"
"2","A46","point","e4703e",1351,3,"neg",1,1,"pointA46neg"
"2","A46","point","e4703e",1351,4,"neg",1,1,"pointA46neg"
"2","A46","point","e4703e",1351,5,"neg",1,1,"pointA46neg"
"2","A46","point","e4703e",1351,6,"neg",1,1,"pointA46neg"
"2","A46","point","e4703e",1351,7,"neg",1,1,"pointA46neg"
"2","A46","point","e4703e",1351,8,"neg",1,1,"pointA46neg"
"3","A22","peek","e5e645",715,1,"neg",0,0,"peekA22neg"
"3","A22","peek","e5e645",715,2,"neg",0,0,"peekA22neg"
"3","A22","peek","e5e645",715,3,"neg",0,0,"peekA22neg"
"3","A22","peek","e5e645",715,4,"neg",0,0,"peekA22neg"
"3","A22","peek","e5e645",715,5,"neg",0,0,"peekA22neg"
"3","A22","peek","e5e645",715,6,"neg",0,0,"peekA22neg"
"3","A22","peek","e5e645",715,7,"neg",0,0,"peekA22neg"
"3","A22","peek","e5e645",715,8,"neg",0,0,"peekA22neg"
"3","A22","peek","e5e948",713,1,"neg",1,0,"peekA22neg"
"3","A22","peek","e5e948",713,2,"neg",1,0,"peekA22neg"
"3","A22","peek","e5e948",713,3,"neg",1,0,"peekA22neg"
"3","A22","peek","e5e948",713,4,"neg",1,0,"peekA22neg"
"3","A22","peek","e5e948",713,5,"neg",1,0,"peekA22neg"
"3","A22","peek","e5e948",713,6,"neg",1,0,"peekA22neg"
"3","A22","peek","e5e948",713,7,"neg",1,0,"peekA22neg"
"3","A22","peek","e5e948",713,8,"neg",1,0,"peekA22neg"
"3","A22","peek","e5306e",711,1,"neg",1,1,"peekA22neg"
"3","A22","peek","e5306e",711,2,"neg",0,1,"peekA22neg"
"3","A22","peek","e5306e",711,3,"neg",0,1,"peekA22neg"
"3","A22","peek","e5306e",711,4,"neg",1,1,"peekA22neg"
"3","A22","peek","e5306e",711,5,"neg",1,1,"peekA22neg"
"3","A22","peek","e5306e",711,6,"neg",0,1,"peekA22neg"
"3","A22","peek","e5306e",711,7,"neg",1,1,"peekA22neg"
"3","A22","peek","e5306e",711,8,"neg",1,1,"peekA22neg"
"3","A22","peek","e5e773",716,1,"neg",1,0,"peekA22neg"
"3","A22","peek","e5e773",716,2,"neg",1,0,"peekA22neg"
"3","A22","peek","e5e773",716,3,"neg",1,0,"peekA22neg"
"3","A22","peek","e5e773",716,4,"neg",1,0,"peekA22neg"
"3","A22","peek","e5e888",714,1,"neg",0,0,"peekA22neg"
"3","A22","peek","e5e888",714,3,"neg",1,0,"peekA22neg"
"3","A22","peek","e5e888",714,4,"neg",1,0,"peekA22neg"
"3","A22","peek","e5e888",714,5,"neg",1,0,"peekA22neg"
"3","A22","peek","e5e888",714,6,"neg",1,0,"peekA22neg"
"3","A22","peek","e5e888",714,7,"neg",1,0,"peekA22neg"
"3","A22","peek","e5e888",714,8,"neg",1,0,"peekA22neg"
"3","A22","peek","e53e49",713,1,"neg",0,0,"peekA22neg"
"3","A22","peek","e53e49",713,2,"neg",0,0,"peekA22neg"
"3","A22","peek","e53e49",713,3,"neg",1,0,"peekA22neg"
"3","A22","peek","e53e49",713,4,"neg",1,0,"peekA22neg"
"3","A22","peek","e53e49",713,5,"neg",0,0,"peekA22neg"
"3","A22","peek","e53e49",713,6,"neg",1,0,"peekA22neg"
"3","A22","peek","e53e49",713,7,"neg",1,0,"peekA22neg"
"3","A22","peek","e53e49",713,8,"neg",0,0,"peekA22neg"
"3","A22","peek","e5e806",719,1,"neg",1,0,"peekA22neg"
"3","A22","peek","e5e806",719,2,"neg",1,0,"peekA22neg"
"3","A22","peek","e5e806",719,3,"neg",0,0,"peekA22neg"
"3","A22","peek","e5e806",719,4,"neg",1,0,"peekA22neg"
"3","A22","peek","e5e806",719,5,"neg",0,0,"peekA22neg"
"3","A22","peek","e5e806",719,6,"neg",1,0,"peekA22neg"
"3","A22","peek","e5e806",719,7,"neg",1,0,"peekA22neg"
"3","A22","peek","e5e806",719,8,"neg",1,0,"peekA22neg"
"3","A22","peek","e53e47",717,1,"neg",0,1,"peekA22neg"
"3","A22","peek","e53e47",717,2,"neg",0,1,"peekA22neg"
"3","A22","peek","e53e47",717,3,"neg",1,1,"peekA22neg"
"3","A22","peek","e53e47",717,4,"neg",1,1,"peekA22neg"
"3","A22","peek","e53e47",717,5,"neg",1,1,"peekA22neg"
"3","A22","peek","e53e47",717,6,"neg",0,1,"peekA22neg"
"3","A22","peek","e53e47",717,7,"neg",0,1,"peekA22neg"
"3","A22","peek","e53e47",717,8,"neg",1,1,"peekA22neg"
"3","A22","peek","e5e8e4",714,1,"neg",0,1,"peekA22neg"
"3","A22","peek","e5e8e4",714,2,"neg",0,1,"peekA22neg"
"3","A22","peek","e5e8e4",714,3,"neg",0,1,"peekA22neg"
"3","A22","peek","e5e8e4",714,4,"neg",0,1,"peekA22neg"
"3","A22","peek","e5e8e4",714,5,"neg",0,1,"peekA22neg"
"3","A22","peek","e5e8e4",714,6,"neg",0,1,"peekA22neg"
"3","A22","peek","e5e8e4",714,7,"neg",0,1,"peekA22neg"
"3","A22","peek","e5e8e4",714,8,"neg",0,1,"peekA22neg"
"3","A22","peek","e531e1",717,1,"neg",0,0,"peekA22neg"
"3","A22","peek","e531e1",717,2,"neg",1,0,"peekA22neg"
"3","A22","peek","e531e1",717,3,"neg",1,0,"peekA22neg"
"3","A22","peek","e531e1",717,4,"neg",1,0,"peekA22neg"
"3","A22","peek","e531e1",717,5,"neg",1,0,"peekA22neg"
"3","A22","peek","e531e1",717,6,"neg",1,0,"peekA22neg"
"3","A22","peek","e531e1",717,7,"neg",1,0,"peekA22neg"
"3","A22","peek","e531e1",717,8,"neg",1,0,"peekA22neg"
"3","A22","peek","e5e791",725,1,"neg",0,1,"peekA22neg"
"3","A22","peek","e5e791",725,2,"neg",1,1,"peekA22neg"
"3","A22","peek","e5e791",725,3,"neg",1,1,"peekA22neg"
"3","A22","peek","e5e791",725,4,"neg",1,1,"peekA22neg"
"3","A22","peek","e5e791",725,5,"neg",1,1,"peekA22neg"
"3","A22","peek","e5e791",725,6,"neg",1,1,"peekA22neg"
"3","A22","peek","e5e791",725,7,"neg",1,1,"peekA22neg"
"3","A22","peek","e5e791",725,8,"neg",1,1,"peekA22neg"
"3","A22","peek","e5e991",686,1,"neg",0,0,"peekA22neg"
"3","A22","peek","e5e991",686,2,"neg",0,0,"peekA22neg"
"3","A22","peek","e5e991",686,3,"neg",1,0,"peekA22neg"
"3","A22","peek","e5e991",686,4,"neg",0,0,"peekA22neg"
"3","A22","peek","e5e991",686,5,"neg",0,0,"peekA22neg"
"3","A22","peek","e5e991",686,6,"neg",1,0,"peekA22neg"
"3","A22","peek","e5e991",686,7,"neg",1,0,"peekA22neg"
"3","A22","peek","e5e991",686,8,"neg",0,0,"peekA22neg"
"3","A22","peek","e5e841",680,1,"neg",1,1,"peekA22neg"
"3","A22","peek","e5e841",680,2,"neg",1,1,"peekA22neg"
"3","A22","peek","e5e841",680,3,"neg",0,1,"peekA22neg"
"3","A22","peek","e5e841",680,4,"neg",0,1,"peekA22neg"
"3","A22","peek","e5e841",680,5,"neg",0,1,"peekA22neg"
"3","A22","peek","e5e841",680,6,"neg",0,1,"peekA22neg"
"3","A22","peek","e5e841",680,7,"neg",0,1,"peekA22neg"
"3","A22","peek","e5e841",680,8,"neg",1,1,"peekA22neg"
"3","A22","peek","e5e90e",686,1,"neg",1,1,"peekA22neg"
"3","A22","peek","e5e90e",686,2,"neg",1,1,"peekA22neg"
"3","A22","peek","e5e90e",686,3,"neg",1,1,"peekA22neg"
"3","A22","peek","e5e90e",686,4,"neg",1,1,"peekA22neg"
"3","A22","peek","e5e90e",686,5,"neg",1,1,"peekA22neg"
"3","A22","peek","e5e90e",686,6,"neg",1,1,"peekA22neg"
"3","A22","peek","e5e90e",686,7,"neg",1,1,"peekA22neg"
"3","A22","peek","e5e90e",686,8,"neg",1,1,"peekA22neg"
"3","A22","peek","e53677",684,1,"neg",0,1,"peekA22neg"
"3","A22","peek","e53677",684,2,"neg",0,1,"peekA22neg"
"3","A22","peek","e53677",684,3,"neg",0,1,"peekA22neg"
"3","A22","peek","e53677",684,4,"neg",0,1,"peekA22neg"
"3","A22","peek","e53677",684,5,"neg",1,1,"peekA22neg"
"3","A22","peek","e53677",684,6,"neg",0,1,"peekA22neg"
"3","A22","peek","e53677",684,7,"neg",0,1,"peekA22neg"
"3","A22","peek","e53677",684,8,"neg",0,1,"peekA22neg"
"3","A22","peek","e55e39",716,1,"neg",0,1,"peekA22neg"
"3","A22","peek","e55e39",716,2,"neg",1,1,"peekA22neg"
"3","A22","peek","e55e39",716,3,"neg",1,1,"peekA22neg"
"3","A22","peek","e55e39",716,4,"neg",0,1,"peekA22neg"
"3","A22","peek","e55e39",716,5,"neg",1,1,"peekA22neg"
"3","A22","peek","e55e39",716,6,"neg",0,1,"peekA22neg"
"3","A22","peek","e55e39",716,7,"neg",1,1,"peekA22neg"
"3","A22","peek","e55e39",716,8,"neg",0,1,"peekA22neg"
"3","A22","peek","e5e8e6",727,1,"neg",1,1,"peekA22neg"
"3","A22","peek","e5e8e6",727,2,"neg",0,1,"peekA22neg"
"3","A22","peek","e5e8e6",727,3,"neg",1,1,"peekA22neg"
"3","A22","peek","e5e8e6",727,4,"neg",0,1,"peekA22neg"
"3","A22","peek","e5e8e6",727,5,"neg",1,1,"peekA22neg"
"3","A22","peek","e5e8e6",727,6,"neg",0,1,"peekA22neg"
"3","A22","peek","e5e8e6",727,7,"neg",1,1,"peekA22neg"
"3","A22","peek","e5e8e6",727,8,"neg",1,1,"peekA22neg"
"3","A22","peek","e53046",704,1,"neg",1,0,"peekA22neg"
"3","A22","peek","e53046",704,2,"neg",1,0,"peekA22neg"
"3","A22","peek","e53046",704,3,"neg",1,0,"peekA22neg"
"3","A22","peek","e53046",704,4,"neg",1,0,"peekA22neg"
"3","A22","peek","e53046",704,5,"neg",1,0,"peekA22neg"
"3","A22","peek","e53046",704,6,"neg",1,0,"peekA22neg"
"3","A22","peek","e53046",704,7,"neg",1,0,"peekA22neg"
"3","A22","peek","e53046",704,8,"neg",1,0,"peekA22neg"
"3","A22","peek","e5e9e0",718,1,"neg",1,0,"peekA22neg"
"3","A22","peek","e5e9e0",718,2,"neg",1,0,"peekA22neg"
"3","A22","peek","e5e9e0",718,3,"neg",1,0,"peekA22neg"
"3","A22","peek","e5e9e0",718,4,"neg",1,0,"peekA22neg"
"3","A22","peek","e5e9e0",718,5,"neg",1,0,"peekA22neg"
"3","A22","peek","e5e9e0",718,6,"neg",1,0,"peekA22neg"
"3","A22","peek","e5e9e0",718,7,"neg",1,0,"peekA22neg"
"3","A22","peek","e5e9e0",718,8,"neg",1,0,"peekA22neg"
"3","A22","peek","e5e7e7",730,1,"neg",1,0,"peekA22neg"
"3","A22","peek","e5e7e7",730,2,"neg",1,0,"peekA22neg"
"3","A22","peek","e5e7e7",730,3,"neg",0,0,"peekA22neg"
"3","A22","peek","e5e7e7",730,4,"neg",1,0,"peekA22neg"
"3","A22","peek","e5e7e7",730,5,"neg",0,0,"peekA22neg"
"3","A22","peek","e5e7e7",730,6,"neg",1,0,"peekA22neg"
"3","A22","peek","e5e7e7",730,7,"neg",1,0,"peekA22neg"
"3","A22","peek","e5e7e7",730,8,"neg",1,0,"peekA22neg"
"3","A28","peek","e5e961",905,1,"neg",1,1,"peekA28neg"
"3","A28","peek","e5e961",905,2,"neg",0,1,"peekA28neg"
"3","A28","peek","e5e961",905,3,"neg",0,1,"peekA28neg"
"3","A28","peek","e5e961",905,4,"neg",0,1,"peekA28neg"
"3","A28","peek","e5e961",905,5,"neg",0,1,"peekA28neg"
"3","A28","peek","e5e961",905,6,"neg",0,1,"peekA28neg"
"3","A28","peek","e5e961",905,7,"neg",1,1,"peekA28neg"
"3","A28","peek","e5e961",905,8,"neg",0,1,"peekA28neg"
"3","A28","peek","e51036",876,1,"neg",1,1,"peekA28neg"
"3","A28","peek","e51036",876,2,"neg",1,1,"peekA28neg"
"3","A28","peek","e51036",876,3,"neg",1,1,"peekA28neg"
"3","A28","peek","e51036",876,4,"neg",1,1,"peekA28neg"
"3","A28","peek","e51036",876,5,"neg",1,1,"peekA28neg"
"3","A28","peek","e51036",876,6,"neg",1,1,"peekA28neg"
"3","A28","peek","e51036",876,7,"neg",1,1,"peekA28neg"
"3","A28","peek","e51036",876,8,"neg",1,1,"peekA28neg"
"3","A28","peek","e51131",890,1,"neg",1,0,"peekA28neg"
"3","A28","peek","e51131",890,2,"neg",1,0,"peekA28neg"
"3","A28","peek","e51131",890,3,"neg",1,0,"peekA28neg"
"3","A28","peek","e51131",890,4,"neg",0,0,"peekA28neg"
"3","A28","peek","e51131",890,5,"neg",1,0,"peekA28neg"
"3","A28","peek","e51131",890,6,"neg",0,0,"peekA28neg"
"3","A28","peek","e51131",890,8,"neg",0,0,"peekA28neg"
"3","A28","peek","e51e0e",899,1,"neg",1,1,"peekA28neg"
"3","A28","peek","e51e0e",899,2,"neg",1,1,"peekA28neg"
"3","A28","peek","e51e0e",899,3,"neg",1,1,"peekA28neg"
"3","A28","peek","e51e0e",899,4,"neg",1,1,"peekA28neg"
"3","A28","peek","e51e0e",899,5,"neg",1,1,"peekA28neg"
"3","A28","peek","e51e0e",899,6,"neg",1,1,"peekA28neg"
"3","A28","peek","e51e0e",899,7,"neg",1,1,"peekA28neg"
"3","A28","peek","e51e0e",899,8,"neg",1,1,"peekA28neg"
"3","A28","peek","e50859",881,1,"neg",0,0,"peekA28neg"
"3","A28","peek","e50859",881,2,"neg",1,0,"peekA28neg"
"3","A28","peek","e50859",881,3,"neg",1,0,"peekA28neg"
"3","A28","peek","e50859",881,4,"neg",1,0,"peekA28neg"
"3","A28","peek","e50859",881,5,"neg",1,0,"peekA28neg"
"3","A28","peek","e50859",881,6,"neg",1,0,"peekA28neg"
"3","A28","peek","e50859",881,7,"neg",1,0,"peekA28neg"
"3","A28","peek","e50859",881,8,"neg",1,0,"peekA28neg"
"3","A28","peek","e50e0e",896,1,"neg",1,1,"peekA28neg"
"3","A28","peek","e50e0e",896,2,"neg",1,1,"peekA28neg"
"3","A28","peek","e50e0e",896,3,"neg",1,1,"peekA28neg"
"3","A28","peek","e50e0e",896,4,"neg",1,1,"peekA28neg"
"3","A28","peek","e50e0e",896,5,"neg",1,1,"peekA28neg"
"3","A28","peek","e50e0e",896,6,"neg",1,1,"peekA28neg"
"3","A28","peek","e50e0e",896,7,"neg",1,1,"peekA28neg"
"3","A28","peek","e50e0e",896,8,"neg",1,1,"peekA28neg"
"3","A28","peek","e51376",897,1,"neg",0,1,"peekA28neg"
"3","A28","peek","e51376",897,2,"neg",1,1,"peekA28neg"
"3","A28","peek","e51376",897,3,"neg",1,1,"peekA28neg"
"3","A28","peek","e51376",897,4,"neg",1,1,"peekA28neg"
"3","A28","peek","e51376",897,5,"neg",1,1,"peekA28neg"
"3","A28","peek","e51376",897,6,"neg",1,1,"peekA28neg"
"3","A28","peek","e51376",897,7,"neg",1,1,"peekA28neg"
"3","A28","peek","e51376",897,8,"neg",1,1,"peekA28neg"
"3","A28","peek","e49378",882,1,"neg",0,0,"peekA28neg"
"3","A28","peek","e49378",882,2,"neg",1,0,"peekA28neg"
"3","A28","peek","e49378",882,3,"neg",0,0,"peekA28neg"
"3","A28","peek","e49378",882,4,"neg",0,0,"peekA28neg"
"3","A28","peek","e49378",882,5,"neg",1,0,"peekA28neg"
"3","A28","peek","e49378",882,6,"neg",1,0,"peekA28neg"
"3","A28","peek","e49378",882,7,"neg",1,0,"peekA28neg"
"3","A28","peek","e49378",882,8,"neg",1,0,"peekA28neg"
"3","A28","peek","e5136e",877,1,"neg",0,0,"peekA28neg"
"3","A28","peek","e5136e",877,2,"neg",0,0,"peekA28neg"
"3","A28","peek","e5136e",877,3,"neg",0,0,"peekA28neg"
"3","A28","peek","e5136e",877,4,"neg",0,0,"peekA28neg"
"3","A28","peek","e5136e",877,5,"neg",0,0,"peekA28neg"
"3","A28","peek","e5136e",877,6,"neg",0,0,"peekA28neg"
"3","A28","peek","e5136e",877,7,"neg",0,0,"peekA28neg"
"3","A28","peek","e5136e",877,8,"neg",0,0,"peekA28neg"
"3","A28","peek","e50839",900,1,"neg",1,1,"peekA28neg"
"3","A28","peek","e50839",900,2,"neg",1,1,"peekA28neg"
"3","A28","peek","e50839",900,3,"neg",0,1,"peekA28neg"
"3","A28","peek","e50839",900,4,"neg",1,1,"peekA28neg"
"3","A28","peek","e50839",900,5,"neg",1,1,"peekA28neg"
"3","A28","peek","e50839",900,6,"neg",1,1,"peekA28neg"
"3","A28","peek","e50839",900,7,"neg",1,1,"peekA28neg"
"3","A28","peek","e50839",900,8,"neg",1,1,"peekA28neg"
"3","A28","peek","e50193",883,1,"neg",1,1,"peekA28neg"
"3","A28","peek","e50193",883,2,"neg",1,1,"peekA28neg"
"3","A28","peek","e50193",883,3,"neg",1,1,"peekA28neg"
"3","A28","peek","e50193",883,4,"neg",1,1,"peekA28neg"
"3","A28","peek","e50193",883,5,"neg",1,1,"peekA28neg"
"3","A28","peek","e50193",883,6,"neg",1,1,"peekA28neg"
"3","A28","peek","e50193",883,7,"neg",0,1,"peekA28neg"
"3","A28","peek","e50193",883,8,"neg",1,1,"peekA28neg"
"3","A28","peek","e51141",901,1,"neg",1,0,"peekA28neg"
"3","A28","peek","e51141",901,2,"neg",0,0,"peekA28neg"
"3","A28","peek","e51141",901,3,"neg",1,0,"peekA28neg"
"3","A28","peek","e51141",901,4,"neg",0,0,"peekA28neg"
"3","A28","peek","e51141",901,5,"neg",1,0,"peekA28neg"
"3","A28","peek","e51141",901,6,"neg",1,0,"peekA28neg"
"3","A28","peek","e51141",901,7,"neg",1,0,"peekA28neg"
"3","A28","peek","e51141",901,8,"neg",1,0,"peekA28neg"
"3","A28","peek","e50814",802,1,"neg",0,1,"peekA28neg"
"3","A28","peek","e50814",802,2,"neg",0,1,"peekA28neg"
"3","A28","peek","e50814",802,3,"neg",0,1,"peekA28neg"
"3","A28","peek","e50814",802,4,"neg",0,1,"peekA28neg"
"3","A28","peek","e50814",802,5,"neg",0,1,"peekA28neg"
"3","A28","peek","e50814",802,6,"neg",0,1,"peekA28neg"
"3","A28","peek","e50814",802,7,"neg",1,1,"peekA28neg"
"3","A28","peek","e50814",802,8,"neg",0,1,"peekA28neg"
"3","A28","peek","e5113e",804,1,"neg",1,1,"peekA28neg"
"3","A28","peek","e5113e",804,2,"neg",0,1,"peekA28neg"
"3","A28","peek","e5113e",804,3,"neg",0,1,"peekA28neg"
"3","A28","peek","e5113e",804,4,"neg",1,1,"peekA28neg"
"3","A28","peek","e5113e",804,5,"neg",1,1,"peekA28neg"
"3","A28","peek","e5113e",804,6,"neg",1,1,"peekA28neg"
"3","A28","peek","e5113e",804,7,"neg",0,1,"peekA28neg"
"3","A28","peek","e5113e",804,8,"neg",0,1,"peekA28neg"
"3","A28","peek","e5135e",816,1,"neg",0,0,"peekA28neg"
"3","A28","peek","e5135e",816,2,"neg",0,0,"peekA28neg"
"3","A28","peek","e5135e",816,3,"neg",1,0,"peekA28neg"
"3","A28","peek","e5135e",816,4,"neg",0,0,"peekA28neg"
"3","A28","peek","e5135e",816,5,"neg",1,0,"peekA28neg"
"3","A28","peek","e5135e",816,6,"neg",1,0,"peekA28neg"
"3","A28","peek","e5135e",816,7,"neg",1,0,"peekA28neg"
"3","A28","peek","e5135e",816,8,"neg",1,0,"peekA28neg"
"3","A28","peek","e50979",854,1,"neg",1,1,"peekA28neg"
"3","A28","peek","e50979",854,2,"neg",0,1,"peekA28neg"
"3","A28","peek","e50979",854,3,"neg",0,1,"peekA28neg"
"3","A28","peek","e50979",854,4,"neg",1,1,"peekA28neg"
"3","A28","peek","e50979",854,5,"neg",1,1,"peekA28neg"
"3","A28","peek","e50979",854,6,"neg",0,1,"peekA28neg"
"3","A28","peek","e50979",854,7,"neg",0,1,"peekA28neg"
"3","A28","peek","e50979",854,8,"neg",0,1,"peekA28neg"
"3","A28","peek","e51195",856,1,"neg",0,0,"peekA28neg"
"3","A28","peek","e51195",856,2,"neg",1,0,"peekA28neg"
"3","A28","peek","e51195",856,3,"neg",1,0,"peekA28neg"
"3","A28","peek","e51195",856,4,"neg",1,0,"peekA28neg"
"3","A28","peek","e51195",856,5,"neg",1,0,"peekA28neg"
"3","A28","peek","e51195",856,6,"neg",1,0,"peekA28neg"
"3","A28","peek","e51195",856,7,"neg",0,0,"peekA28neg"
"3","A28","peek","e51195",856,8,"neg",1,0,"peekA28neg"
"3","A28","peek","e51660",855,1,"neg",1,0,"peekA28neg"
"3","A28","peek","e51660",855,2,"neg",1,0,"peekA28neg"
"3","A28","peek","e51660",855,3,"neg",0,0,"peekA28neg"
"3","A28","peek","e51660",855,4,"neg",1,0,"peekA28neg"
"3","A28","peek","e51660",855,5,"neg",0,0,"peekA28neg"
"3","A28","peek","e51660",855,6,"neg",0,0,"peekA28neg"
"3","A28","peek","e51660",855,7,"neg",1,0,"peekA28neg"
"3","A28","peek","e51660",855,8,"neg",0,0,"peekA28neg"
"3","A28","peek","e50593",853,1,"neg",0,0,"peekA28neg"
"3","A28","peek","e50593",853,2,"neg",1,0,"peekA28neg"
"3","A28","peek","e50593",853,3,"neg",1,0,"peekA28neg"
"3","A28","peek","e50593",853,4,"neg",1,0,"peekA28neg"
"3","A28","peek","e50593",853,5,"neg",1,0,"peekA28neg"
"3","A28","peek","e50593",853,6,"neg",1,0,"peekA28neg"
"3","A28","peek","e50593",853,7,"neg",1,0,"peekA28neg"
"3","A28","peek","e50593",853,8,"neg",1,0,"peekA28neg"
"3","A28","peek","e509e4",865,1,"neg",0,0,"peekA28neg"
"3","A28","peek","e509e4",865,2,"neg",1,0,"peekA28neg"
"3","A28","peek","e509e4",865,3,"neg",0,0,"peekA28neg"
"3","A28","peek","e509e4",865,4,"neg",1,0,"peekA28neg"
"3","A28","peek","e509e4",865,5,"neg",0,0,"peekA28neg"
"3","A28","peek","e509e4",865,6,"neg",0,0,"peekA28neg"
"3","A28","peek","e509e4",865,7,"neg",0,0,"peekA28neg"
"3","A28","peek","e509e4",865,8,"neg",0,0,"peekA28neg"
"3","A34","peek","e49715",1078,1,"neg",1,1,"peekA34neg"
"3","A34","peek","e49715",1078,2,"neg",1,1,"peekA34neg"
"3","A34","peek","e49715",1078,3,"neg",1,1,"peekA34neg"
"3","A34","peek","e49715",1078,4,"neg",1,1,"peekA34neg"
"3","A34","peek","e49715",1078,5,"neg",1,1,"peekA34neg"
"3","A34","peek","e49715",1078,6,"neg",1,1,"peekA34neg"
"3","A34","peek","e49715",1078,7,"neg",1,1,"peekA34neg"
"3","A34","peek","e49715",1078,8,"neg",1,1,"peekA34neg"
"3","A34","peek","e56046",1083,1,"neg",1,0,"peekA34neg"
"3","A34","peek","e56046",1083,2,"neg",0,0,"peekA34neg"
"3","A34","peek","e56046",1083,3,"neg",1,0,"peekA34neg"
"3","A34","peek","e56046",1083,4,"neg",0,0,"peekA34neg"
"3","A34","peek","e56046",1083,5,"neg",1,0,"peekA34neg"
"3","A34","peek","e56046",1083,6,"neg",0,0,"peekA34neg"
"3","A34","peek","e56046",1083,7,"neg",1,0,"peekA34neg"
"3","A34","peek","e56046",1083,8,"neg",1,0,"peekA34neg"
"3","A34","peek","e49ee5",1049,1,"neg",1,1,"peekA34neg"
"3","A34","peek","e49ee5",1049,2,"neg",1,1,"peekA34neg"
"3","A34","peek","e49ee5",1049,3,"neg",1,1,"peekA34neg"
"3","A34","peek","e49ee5",1049,4,"neg",1,1,"peekA34neg"
"3","A34","peek","e49ee5",1049,5,"neg",1,1,"peekA34neg"
"3","A34","peek","e49ee5",1049,6,"neg",1,1,"peekA34neg"
"3","A34","peek","e49ee5",1049,7,"neg",1,1,"peekA34neg"
"3","A34","peek","e49ee5",1049,8,"neg",1,1,"peekA34neg"
"3","A34","peek","e53470",1092,1,"neg",1,1,"peekA34neg"
"3","A34","peek","e53470",1092,2,"neg",1,1,"peekA34neg"
"3","A34","peek","e53470",1092,3,"neg",0,1,"peekA34neg"
"3","A34","peek","e53470",1092,4,"neg",1,1,"peekA34neg"
"3","A34","peek","e53470",1092,5,"neg",1,1,"peekA34neg"
"3","A34","peek","e53470",1092,6,"neg",1,1,"peekA34neg"
"3","A34","peek","e53470",1092,7,"neg",1,1,"peekA34neg"
"3","A34","peek","e53470",1092,8,"neg",1,1,"peekA34neg"
"3","A34","peek","e49897",1084,1,"neg",1,0,"peekA34neg"
"3","A34","peek","e49897",1084,2,"neg",1,0,"peekA34neg"
"3","A34","peek","e49897",1084,3,"neg",1,0,"peekA34neg"
"3","A34","peek","e49897",1084,4,"neg",1,0,"peekA34neg"
"3","A34","peek","e49897",1084,5,"neg",1,0,"peekA34neg"
"3","A34","peek","e49897",1084,6,"neg",1,0,"peekA34neg"
"3","A34","peek","e49897",1084,7,"neg",1,0,"peekA34neg"
"3","A34","peek","e49897",1084,8,"neg",1,0,"peekA34neg"
"3","A34","peek","e49e30",1072,1,"neg",0,1,"peekA34neg"
"3","A34","peek","e49e30",1072,2,"neg",1,1,"peekA34neg"
"3","A34","peek","e49e30",1072,3,"neg",1,1,"peekA34neg"
"3","A34","peek","e49e30",1072,4,"neg",1,1,"peekA34neg"
"3","A34","peek","e49e30",1072,5,"neg",1,1,"peekA34neg"
"3","A34","peek","e49e30",1072,6,"neg",1,1,"peekA34neg"
"3","A34","peek","e49e30",1072,7,"neg",1,1,"peekA34neg"
"3","A34","peek","e49e30",1072,8,"neg",1,1,"peekA34neg"
"3","A34","peek","e49790",1085,1,"neg",1,0,"peekA34neg"
"3","A34","peek","e49790",1085,2,"neg",1,0,"peekA34neg"
"3","A34","peek","e49790",1085,3,"neg",1,0,"peekA34neg"
"3","A34","peek","e49790",1085,4,"neg",1,0,"peekA34neg"
"3","A34","peek","e49790",1085,5,"neg",1,0,"peekA34neg"
"3","A34","peek","e49790",1085,6,"neg",1,0,"peekA34neg"
"3","A34","peek","e49790",1085,7,"neg",1,0,"peekA34neg"
"3","A34","peek","e49790",1085,8,"neg",1,0,"peekA34neg"
"3","A34","peek","e49765",1081,1,"neg",0,0,"peekA34neg"
"3","A34","peek","e49765",1081,2,"neg",1,0,"peekA34neg"
"3","A34","peek","e49765",1081,3,"neg",1,0,"peekA34neg"
"3","A34","peek","e49765",1081,4,"neg",1,0,"peekA34neg"
"3","A34","peek","e49765",1081,5,"neg",1,0,"peekA34neg"
"3","A34","peek","e49765",1081,6,"neg",1,0,"peekA34neg"
"3","A34","peek","e49765",1081,7,"neg",1,0,"peekA34neg"
"3","A34","peek","e49765",1081,8,"neg",1,0,"peekA34neg"
"3","A34","peek","e5004e",1079,1,"neg",1,0,"peekA34neg"
"3","A34","peek","e5004e",1079,2,"neg",1,0,"peekA34neg"
"3","A34","peek","e5004e",1079,3,"neg",1,0,"peekA34neg"
"3","A34","peek","e5004e",1079,4,"neg",1,0,"peekA34neg"
"3","A34","peek","e5004e",1079,5,"neg",1,0,"peekA34neg"
"3","A34","peek","e5004e",1079,6,"neg",1,0,"peekA34neg"
"3","A34","peek","e5004e",1079,7,"neg",1,0,"peekA34neg"
"3","A34","peek","e5004e",1079,8,"neg",1,0,"peekA34neg"
"3","A34","peek","e491e0",1061,1,"neg",0,1,"peekA34neg"
"3","A34","peek","e491e0",1061,2,"neg",1,1,"peekA34neg"
"3","A34","peek","e491e0",1061,3,"neg",1,1,"peekA34neg"
"3","A34","peek","e491e0",1061,4,"neg",0,1,"peekA34neg"
"3","A34","peek","e491e0",1061,5,"neg",0,1,"peekA34neg"
"3","A34","peek","e491e0",1061,6,"neg",0,1,"peekA34neg"
"3","A34","peek","e491e0",1061,7,"neg",0,1,"peekA34neg"
"3","A34","peek","e491e0",1061,8,"neg",0,1,"peekA34neg"
"3","A34","peek","e49786",1080,1,"neg",1,1,"peekA34neg"
"3","A34","peek","e49786",1080,2,"neg",1,1,"peekA34neg"
"3","A34","peek","e49786",1080,3,"neg",1,1,"peekA34neg"
"3","A34","peek","e49786",1080,4,"neg",1,1,"peekA34neg"
"3","A34","peek","e49786",1080,5,"neg",1,1,"peekA34neg"
"3","A34","peek","e49786",1080,6,"neg",1,1,"peekA34neg"
"3","A34","peek","e49786",1080,7,"neg",1,1,"peekA34neg"
"3","A34","peek","e49786",1080,8,"neg",1,1,"peekA34neg"
"3","A34","peek","e49777",1092,1,"neg",0,0,"peekA34neg"
"3","A34","peek","e49777",1092,2,"neg",1,0,"peekA34neg"
"3","A34","peek","e49777",1092,3,"neg",0,0,"peekA34neg"
"3","A34","peek","e49777",1092,4,"neg",0,0,"peekA34neg"
"3","A34","peek","e49777",1092,5,"neg",1,0,"peekA34neg"
"3","A34","peek","e49777",1092,6,"neg",1,0,"peekA34neg"
"3","A34","peek","e49777",1092,7,"neg",1,0,"peekA34neg"
"3","A34","peek","e49777",1092,8,"neg",1,0,"peekA34neg"
"3","A34","peek","e49354",1051,1,"neg",1,0,"peekA34neg"
"3","A34","peek","e49354",1051,2,"neg",1,0,"peekA34neg"
"3","A34","peek","e49354",1051,3,"neg",1,0,"peekA34neg"
"3","A34","peek","e49354",1051,4,"neg",1,0,"peekA34neg"
"3","A34","peek","e49354",1051,5,"neg",1,0,"peekA34neg"
"3","A34","peek","e49354",1051,6,"neg",1,0,"peekA34neg"
"3","A34","peek","e49354",1051,7,"neg",1,0,"peekA34neg"
"3","A34","peek","e49354",1051,8,"neg",1,0,"peekA34neg"
"3","A34","peek","e49e87",1078,1,"neg",1,0,"peekA34neg"
"3","A34","peek","e49e87",1078,2,"neg",1,0,"peekA34neg"
"3","A34","peek","e49e87",1078,3,"neg",1,0,"peekA34neg"
"3","A34","peek","e49e87",1078,4,"neg",1,0,"peekA34neg"
"3","A34","peek","e49e87",1078,5,"neg",1,0,"peekA34neg"
"3","A34","peek","e49e87",1078,6,"neg",1,0,"peekA34neg"
"3","A34","peek","e49e87",1078,7,"neg",1,0,"peekA34neg"
"3","A34","peek","e49e87",1078,8,"neg",1,0,"peekA34neg"
"3","A34","peek","e49089",1081,1,"neg",1,0,"peekA34neg"
"3","A34","peek","e49089",1081,2,"neg",1,0,"peekA34neg"
"3","A34","peek","e49089",1081,3,"neg",1,0,"peekA34neg"
"3","A34","peek","e49089",1081,4,"neg",1,0,"peekA34neg"
"3","A34","peek","e49089",1081,5,"neg",1,0,"peekA34neg"
"3","A34","peek","e49089",1081,6,"neg",1,0,"peekA34neg"
"3","A34","peek","e49089",1081,7,"neg",1,0,"peekA34neg"
"3","A34","peek","e49089",1081,8,"neg",1,0,"peekA34neg"
"3","A34","peek","e49663",1064,1,"neg",0,1,"peekA34neg"
"3","A34","peek","e49663",1064,2,"neg",0,1,"peekA34neg"
"3","A34","peek","e49663",1064,3,"neg",1,1,"peekA34neg"
"3","A34","peek","e49663",1064,4,"neg",1,1,"peekA34neg"
"3","A34","peek","e49663",1064,5,"neg",1,1,"peekA34neg"
"3","A34","peek","e49663",1064,6,"neg",1,1,"peekA34neg"
"3","A34","peek","e49663",1064,7,"neg",1,1,"peekA34neg"
"3","A34","peek","e497e7",1093,1,"neg",1,1,"peekA34neg"
"3","A34","peek","e497e7",1093,2,"neg",1,1,"peekA34neg"
"3","A34","peek","e497e7",1093,3,"neg",1,1,"peekA34neg"
"3","A34","peek","e497e7",1093,4,"neg",1,1,"peekA34neg"
"3","A34","peek","e497e7",1093,5,"neg",1,1,"peekA34neg"
"3","A34","peek","e497e7",1093,6,"neg",1,1,"peekA34neg"
"3","A34","peek","e497e7",1093,7,"neg",1,1,"peekA34neg"
"3","A34","peek","e497e7",1093,8,"neg",1,1,"peekA34neg"
"3","A34","peek","e49546",1084,1,"neg",1,1,"peekA34neg"
"3","A34","peek","e49546",1084,2,"neg",1,1,"peekA34neg"
"3","A34","peek","e49546",1084,3,"neg",1,1,"peekA34neg"
"3","A34","peek","e49546",1084,4,"neg",1,1,"peekA34neg"
"3","A34","peek","e49546",1084,5,"neg",1,1,"peekA34neg"
"3","A34","peek","e49546",1084,6,"neg",1,1,"peekA34neg"
"3","A34","peek","e49546",1084,7,"neg",1,1,"peekA34neg"
"3","A34","peek","e49546",1084,8,"neg",1,1,"peekA34neg"
"3","A34","peek","e4966e",1056,1,"neg",1,1,"peekA34neg"
"3","A34","peek","e4966e",1056,2,"neg",1,1,"peekA34neg"
"3","A34","peek","e4966e",1056,3,"neg",1,1,"peekA34neg"
"3","A34","peek","e4966e",1056,4,"neg",1,1,"peekA34neg"
"3","A34","peek","e4966e",1056,5,"neg",1,1,"peekA34neg"
"3","A34","peek","e4966e",1056,6,"neg",1,1,"peekA34neg"
"3","A34","peek","e4966e",1056,7,"neg",1,1,"peekA34neg"
"3","A34","peek","e4966e",1056,8,"neg",1,1,"peekA34neg"
"3","A34","peek","e49896",1061,1,"neg",1,1,"peekA34neg"
"3","A34","peek","e49896",1061,2,"neg",1,1,"peekA34neg"
"3","A34","peek","e49896",1061,3,"neg",1,1,"peekA34neg"
"3","A34","peek","e49896",1061,4,"neg",1,1,"peekA34neg"
"3","A34","peek","e49896",1061,5,"neg",0,1,"peekA34neg"
"3","A34","peek","e49896",1061,6,"neg",1,1,"peekA34neg"
"3","A34","peek","e49896",1061,7,"neg",1,1,"peekA34neg"
